求人ID,企業ID,求人名,ステータス,概要,雇用形態,雇用期間,勤務地,勤務地詳細,募集エリア,給与,仕事内容,応募要件,勤務時間,休日休暇,残業,保険,福利厚生,受動喫煙対策,言語要件,ビザ手続き,外国人スタッフ数,外国人国籍,掲載期限,募集背景,年齢要件,選考プロセス,住宅サポート,住宅サポート詳細,交通費詳細,引越サポート,引越サポート詳細,新卒・中途,ビザサポート有無,ビザ費用負担,その他,求人票URL,企業名(参照)
sewa-2026030301,E9MurLvyj5pTTPJedxv7,フロント業務,Active,,Full-time,雇用期間の定め無し（定年60歳：再雇用制度あり）,,"■ 東京都

東京エディション虎ノ門

東京エディション銀座

ラグジュアリーコレクション（東京エリア）

コートヤード・バイ・マリオット東京ステーション

ウェスティンホテル東京（恵比寿）

東京マリオットホテル（品川）

■ 神奈川県

ウェスティンホテル横浜

■ 静岡県

伊豆マリオットホテル修善寺

■ 長野県（軽井沢エリア）

軽井沢マリオットホテル

旧軽井沢KIKYOキュリオ・コレクションbyヒルトン

■ 滋賀県

琵琶湖マリオットホテル

■ 大阪府

コートヤード・バイ・マリオット新大阪ステーション

■ 沖縄県

イラフ SUI ラグジュアリーコレクションホテル沖縄宮古",東京、神奈川、静岡、長野、滋賀、大阪、沖縄,"月給 23万円 〜 33万円
※ご経験により優遇・前職条件考慮
※時間外手当、深夜勤務手当等 別途支給
※退職金・企業年金制度 有
※通勤費実費支給（月15万円まで支給）

■賞与：年2回（6月/12月）
■昇給：年1回（7月）
※入社初年度は入社時期に応じて支給","私たち「森トラスト・ホテルズ＆リゾーツ株式会社」は
“ホテルマネジメント企業”として自社ブランドホテルや
世界的な大手外資ホテルブランドなど、多彩なブランドのホテルを運営しております。

社会の動きをいち早く捉え、スピード感をもって実行していくために、
考える力、企画する力、実行する力を養うことを常に念頭において仕事に取り組む。
それが森トラスト・ホテルズ&リゾーツが求める人財です。

仕事内容
・チェックイン、チェックアウト業務
・ベルスタッフ業務
・宿泊ゲスト、VIPの対応
・客室清掃、ハウスキーピング
・新人スタッフへの教育、など
（変更の範囲）ホテルの運営に関する各種業務","必須
・JLPTN2以上
・ビジネスレベルの日本語会話
・会話レベルの英語（東京の場合、ビジネスレベル以上）

歓迎
・ホテル経験１年以上
・接客経験
・長くキャリアを目指して頑張ってくれる方",週平均40時間以内の変形労働時間制（シフト制）,"■休日数
・年間107日（変形労働時間制によるシフト勤務）

■休暇
・有給休暇(入社3カ月後に10日間付与)
・特別休暇 
・結婚休暇
・忌引休暇
・配偶者出産休暇
・生理休暇
・転任転勤休暇
・育児休業　※取得実績 女性100％、男性44％
・介護休業",,"・雇用保険、労災保険、健康保険（東京不動産業健康保険組合、各種補助・優待・付加給付あり）
・厚生年金
・団体生命保険
・GLTD（団体長期障害所得補償）","・単身赴任手当、帰省旅費支給 ※条件あり
・親睦会制度（旅行・親睦イベント補助、健康促進 等）
・制服貸与・靴代補助
・永年勤続表彰
・企業型確定拠出年金(DC)制度
・グループホテル宿泊・食事 優待利用
・健康診断（30歳～婦人科健診・35歳～人間ドック　費用会社負担）
・子育て支援（育児サポート手当、育児短時間勤務、妊娠期間含む時差出勤等の通勤緩和、看護等休暇、残業免除、職場復帰支援 等）",,"・JLPTN2以上
・ビジネスレベルの日本語会話
・会話レベルの英語",,,,2026-04-30,,35歳未満の方（例外事由3号イ／長期キャリア形成のため）,書類選考→面接１～２回（必要により適性検査試験）→内定,,,,,,,,,,,
sewa-2026030201,P4uzHd63Tmig0xeJX7ao,リゾートホテルのフロント担当,Active,"「オリオンホテルモトブ リゾート＆スパ」では、世界中から訪れるお客様に忘れられない滞在を提供するフロントスタッフを募集しています！
ホテルの顔として、お客様の快適な滞在を支え、沖縄での特別な体験を一緒に提供してください♪今なら入社祝金3万円を支給しています！",Full-time,,沖縄県,〒905‐0207沖縄県国頭郡本部町備瀬148番地1,オリオンホテル モトブ リゾート＆スパ,"月給 19万円 〜 25万円
基本給：月給 19万円 〜 25万円

固定残業代：なし

【一律手当】
全員に一律で支払われる通勤・皆勤・家族手当金額：なし
全員に一律で支払われるその他手当金額：なし

※初任給は経験・スキル・前職給与を考慮のうえ決定します。
※時間外手当は別途全額支給します。
※昇給は年1回（7月）、賞与は年2回支給。
※試用期間は3ヶ月（その間の給与・待遇は同じ）
※入社祝金（3万円）は入社3ヶ月経過後に支給。

＜給与例＞
・322万円/2年目/キャプテン（月給23万円）
・528万円/5年目/マネージャー（月給37.7万円）","・チェックイン、チェックアウト業務：お客様の到着と出発時に、スムーズで心温まる対応を行います。
・ゲスト情報入力：正確なゲスト情報の入力と管理を行い、滞在中のサービス向上に繋げます。
・予約業務：新規予約の受付やキャンセル処理など、予約に関する全般的な業務を担当します。
・接客全般：ホテルの施設案内、地元沖縄の観光案内、各種手配業務などを担当します。
・お部屋までのアテンド（チェックイン後、お客様をお部屋までご案内します）
・デリバリー業務（必要な備品やリクエストされたアイテムをお客様のお部屋まで迅速に届ける業務です）

【ここがポイント！】
・未経験歓迎！ 研修＆マニュアル完備。接客経験がなくてもOK。
・従業員寮（完全個室）を設置していますので、県外の方でもお住まいの心配はございません。
・安心のオリオングループ（オリオンビールのグループ会社）安定した基盤のもとで長く働けます。
・入社日から特別休暇あり！リフレッシュ休暇（有給）＋バースデー休暇（有給）を計8日間付与。
・従業員食堂、無料駐車場完備（ホテルスタッフ限定の充実した福利厚生）

求める人材
～このような方に向いています！～
・オリオンホテルのミッション「沖縄から、人を、場を、世界を笑顔に」に共感できる方。
・お客様に寄り添い、最高の沖縄体験を提供したいと思っている方。
・沖縄の海や自然が大好きな方。
・ゲストの安全安心を第一に考えられる方。
※経験者はもちろん、未経験者も応募可能です。先輩社員が丁寧に指導します♪

≪オンボーディング研修あり≫
オンボーディング研修は、新たに入社される皆様を心から歓迎し、円滑に職場へと導くための特別なプログラムです。この研修では、オリオンウェイをはじめ、様々な社内のルールや施設の案内を通じて、新規に入社される皆様が安心して働ける環境を整えることを目指しています。入社初日は、同期となる仲間も多数参加します。多様なキャリアを経験した仲間と共に、絆を深めることができる貴重な機会を提供します。",日本語能力試験（JLPT）N2以上かつ、フロント業務がこなせる会話能力をお持ちの方,"勤務形態：シフト制

総労働時間：1週あたり40時間

※数パータンでのシフト制（実働8時間/休憩あり）
・8時00分～17時00分
・11時00分～20時00分
・14時00分～23時00分
・17時00分～翌11時00分","≪休日≫
・実質年間休日116日（年間休日108日＋特別休暇7日+バースデー休暇1日）

≪休暇≫
・年次有給休暇
・慶弔休暇
・病気休暇
・産前産後休暇
・子の看護休暇
・介護休暇
・育児介護休業
・リフレッシュ休暇（有給）
・バースデー休暇（有給）",あり,健康保険、厚生年金保険、雇用保険、労災保険,"・車通勤可
・無料駐車場完備
・ユニフォーム貸与
・バースデー休暇（有給）
・従業員食堂
・宿泊時の特別優待
・レストラン利用時の特別優待
・従業員紹介制度
・年次有給休暇制度
・完全個室の単身寮（寮費は社内規定あり）
・従業員持株会
・財形貯蓄制度
・リフレッシュ休暇（毎年/有給7日間付与）",喫煙所：喫煙所あり（屋外）,"・日本語能力試験 N1またはN2取得
・英語会話スキル",,,,2026-05-31,,,"STEP１ 書類選考
STEP２ １次面接
STEP３ 適性検査（ウェブ）
STEP4  ２次面接
STEP３ 内定・入社",,,,,,中途,,,,https://arwrk.net/recruit/orionhotel/2353912/,
sewa-2026022701,XBPP9iwaMc4okh4axRaX,フロント/技人国/ノク大阪,Active,,Full-time,無期限,大阪府,"大阪市北区天満

JR東西線 大阪天満宮駅より 徒歩で 7分
京阪 天満橋駅より 徒歩で 9分
大阪メトロ 南森町駅より 徒歩で 9分

＼交通アクセスについて／
ＪＲ東西線大阪天満宮駅より徒歩7分
京阪本線天満橋駅より徒歩9分",,"月給 210,000円～280,000円
経験により優遇
試用期間あり
昇給有り","都心部から少し離れたエリアにある落ち着いた154室のホテルです。
フロント業務スタッフの募集です。

・チェックイン/アウト対応
・館内対応
・観光案内
・電話対応（問合せ・予約）
・メール対応（問合せ・予約）
・各種手配業務
・会計業務
・簡易な清掃作業
・夜勤あり","ゲスト応対のため英会話とコミュニケーションスキルのある方。
また、社内でのやり取りや引継ぎは日本語のため、ネイティブレベルの日本語スキルは必須です。

【優遇】
※中国語会話、韓国語会話できる方優遇します！
歓迎スキル
※接客経験
","0:00～24:00の中での8時間勤務（変形労働時間制）

※シフト制（夜勤あり）
※残業月平均10時間以内

【シフト例】
8:00 - 17:00
14:00 - 23:00
23:00 - 8:00　等","年間公休日数：110日
有休取得率が高く、働きやすい環境です。",あり（10時間以内）,雇用保険、労災保険、健康保険、厚生年金,"・有給休暇（法定通り付与）
・各種社会保険完備
・交通費支給（上限3万円/月）会社の規定による
・昇給・賞与あり（会社業績による）
・産前・産後休暇制度
・育児・介護休暇制度
・社員割引あり
・ユニフォーム貸与
・定期健康診断",,"ゲスト応対のため英会話とコミュニケーションスキルのある方。
また、社内でのやり取りや引継ぎは日本語のため、ネイティブレベルの日本語スキルは必須です。",,,,2026-05-31,,不問,書類選考→現地ホテルで面接1回,,,,,,新卒・中途,,,,https://jp.indeed.com/q-%E3%83%8E%E3%82%AF-%E6%B1%82%E4%BA%BA.html?vjk=d1bf16eb7f127c80&advn=2477271124003634,
sewa-2026022602,t544rA3EMWrJA06ECF5X,"カフェスタッフ(N1,N2レベル)",Active,カフェスタッフの募集,Full-time,,,京都市東山区八坂鳥居前東入円山町604番地,京都府,"月給 25万円 〜
※基本給・固定残業代の総額

基本給：月給 22万円 〜

固定残業代：あり
1ヶ月あたり3万円 〜 3万9000円（固定残業時間：1ヶ月あたり20時間 〜 25時間）
固定残業時間を超えた勤務時間については別途残業代を支給する

【一律手当】
全員に一律で支払われる通勤・皆勤・家族手当金額：あり
全員に一律で支払われるその他手当金額：あり

通勤手当：月額25,000円迄
住宅手当：月額20,000円（28歳迄）
賞与：年3回","明治の洋館「長楽館」（国指定重要文化財）の各部屋を、そのまま使用したカフェ・レストラン。ルネサンス風の広間を中心に、ロココ、ネオクラシック、アールヌーボーといったさまざまな建築スタイルのお部屋があり、カフェではご来店の度に異なるお席へ案内される楽しみもあり、沢山のお客様にご利用いただいております。

カフェのホール・サービススタッフです。
■ サービス業務
お客様のご案内、オーダー対応、料理・ドリンクの提供、アフタヌーンティーの説明・紅茶のご提案、テーブルセッティング、会計業務

■ ドリンク・デザート関連業務
紅茶・コーヒー・季節ドリンクなどの作成、デザートやアフタヌーンティーのワゴンサービス補助、メニュー内容の把握とお客様への説明

■ おもてなし・コミュニケーション
ゆったり寛ぎに来られるお客様への丁寧な接客、観光案内や建物の由来など、長楽館らしい“付加価値のある会話”、記念日やお祝いのお客様への細やかな対応

■ ホール運営補助
予約管理の補助、営業前後の準備、在庫確認、他部署（フロント・レストラン・パティスリー等）との連携

■ 季節イベント・特別企画でのサービス
クリスマス、ストロベリーアフタヌーンティーなどの期間限定企画、催事や館内イベントでのサポート業務",,"勤務形態：シフト制

実働時間：1日あたり8時間
平均勤務日数：1ヶ月あたり21日 〜 22日

9:00～20:00の中でシフト制","年間休日115日（年次有給休暇の計画的付与5日を含む）
シフト制
夏季休暇（連続5日間)
冬季休暇（連続5日間)
長期休暇制度(連続7日間)
当社カレンダーによる",,"【社会保険】
健康保険、厚生年金保険、雇用保険、労災保険","【福利厚生】
◆昇給あり
◆制服貸与(ベスト、サロン、黒エプロン等シックな制服)
◆無料ランチ提供（社食あり）
◆交通費規定支給 
◆駐輪場完備
◆スタッフ割引制度あり（カフェ30％、レストラン40％、ショップ20％)",,日本語能力試験 JLPT N1/N2保有者(日本語での会話が滞りなく行える),,,,2026-05-31,,,,,,,,,新卒・中途,,,,https://arwrk.net/recruit/hotelchourakukan/9070846/,
sewa-2026022601,767vL9xuBXvg4YHT5Lfz,フロント/技人国/ハイアット東京ベイ,Active,,Full-time,無期（試用期間なし）,千葉県,"[勤務先]
ハイアットリージェンシー東京ベイ
[最寄駅]
千葉県浦安市  ⁄  新浦安駅 (バス 15分) ほか
[住所]
千葉県浦安市明海5-8-23
東京ベイシティバスにて
新浦安駅からバスで15分ほど

バス停「明海南小学校」で徒歩1分",,"交通費：全額支給

【給与備考】
■昇給あり（年１回）
■賞与あり（3月/9月）

【一般社員】
月給212,530円～
※未経験OK

【チームリーダー】
月給273,730円～
※ホテルフロントを5~7年以上経験されている方目安

【アシスタントマネージャー】
月給355,330円～
※ホテルフロントを10年以上経験されている方目安


＼経験やスキルに応じて判断いたします／

★英語力を生かしたい方
★夜勤フロントのご経験されている方

上記に当てはまる方は特に大歓迎です♪","職種：案内(インフォメーション/レセプション)・フロント、サービスその他、受付

ホテルのフロントSTAFF（正社員）を募集中

新しい事にチャレンジする前向きな方
一緒に新しいホテルを作り上げませんか？

【具体的には…】
・チェックイン、チェックアウト
・ロビーサービス
・ハウスキーピングなど

最初は
・ロビーにて、お客様からのお問い合わせ対応
└ スタッフから積極的にお声がけください
・お客様のご移動をサポート
　└ 自動ドアの開閉サポート
　└ お荷物の多いお客様の移動サポート
などの簡単な業務からお任せいたします

宿泊部門はフロント以外にも、ドアマン、ベル、ハウスキーピングのポジションがあり、
柔軟に対応いただきます。
幅広くホテル運営に携われます。","【こんな方大歓迎】

・Applicants who want to utilize their language skills in English, Chinese, Korean, and more.
・Applicants who can read, write, and converse in Japanese.

■ホテル勤務の経験がある方
■将来、ホテル業界を目指したい方
■調理師免許のある方
■チームワークを大切にできる方
■丁寧なご案内ができる方
■英語や中国語、韓国語など語学を活かしてみたい方
■チャレンジ精神のある方","【シフト制】
実働８時間/休憩１時間

【勤務時間例】

【１】8:00～17:00（休憩1h）
【２】10:00～19:00（休憩1h）
【３】13:00～22:00（休憩1h）
【４】16:00～翌09:00（休憩1h）

ぜひ面接時にお気軽にご相談ください！","交代制

■月9日休み
■年間休日：108日

■産休・育休制度あり

■特別休暇
■結婚休暇
■忌引休暇
■生理休暇　など",,社会保険完備,"★従業員No.1人気★
「ハイアットグループ宿泊社割」
嬉しい詳細はぜひ面接でお聞きください♪

■社会保険完備
■交通費全額支給
■賞与あり
■昇給あり
■産休・育休制度有
■特別休暇
■結婚休暇
■忌引休暇
■生理休暇　
■屋内禁煙　など

＼2024年最新版／充実した福利厚生♪

【１】ベネフィットステーション加入
…レジャーやグルメ、ジム、映画など
　様々なサービスが特別価格でご利用可能

【２】旅サポートあり
…旅行時の宿泊代補助あり（1泊最大8,000円程度）
　海外旅行の場合は航空券補助あり（最大1万円程度）

【３】館内割引あり（ハイアットリージェンシー東京ベイのみ）
★宿泊★
→通常料金の40％OFF

★レストラン利用★
→20％OFF

【４】資格取得支援
…業務に活かせる資格取得を支援します。
（合格の場合は受験料を全額補助）

例）ホテルビジネス実務検定
　　レストランサービス技能検定
　　語学検定（TOEICなど）
　　ソムリエ
　　簿記　など

【５】紹介特典あり
…「宴会・婚礼」もしくは「スタッフ」のご紹介
→現金/館内利用券で謝礼を贈呈

【６】従業員食堂あり
…無料ドリンクサービス/冷凍自販機/オフィスグリコ設置など

【７】健康サポート
・健康診断（年1回）
・予防接種補助（インフルエンザ）
・産業医による面談（メンタルサポート）",屋内禁煙,"日本語での流暢な会話、文章の読み書きができる方
ネイティブレベルの英語力",,,,2026-05-31,,,,,,,,,,,,,,
sewa-2026022503,Too8t5MwlmAQ6Xrt0afG,フロント/特定技能宿泊/三菱地所,Active,,Full-time,試用期間：6カ月（待遇には変更なし）,"宮城県,千葉県,東京都,大阪府,京都府,沖縄県","ロイヤルパークホテル（日本橋）
ザ ロイヤルパークホテル アイコニック 東京汐留
ザ ロイヤルパークホテル 東京羽田
丸ノ内ホテル
仙台ロイヤルパークホテル
ザ ロイヤルパークホテル アイコニック 名古屋
ザ ロイヤルパークホテル アイコニック 大阪御堂筋
ザ ロイヤルパークホテル アイコニック 京都
ザ ロイヤルパークホテル 京都梅小路
ザ ロイヤルパークホテル 舞浜リゾート 東京ベイ
ザ ロイヤルパークホテル アイコニック 那覇
",,"【ホテル毎に条件異なるため一例】
月給199,900円～（一律食事手当8,800円を含む）＋ 諸手当 + 賞与

※昇給あり（昨年度実績：年１回）
※賞与あり（昨年度実績：年２回）

＜年収例＞
■チーフ（26歳）年収400万円（基本給＋諸手当＋賞与込）
■アシスタントマネジャー（29歳）年収450万円（基本給＋諸手当＋賞与込）
※深夜時間勤務手当、家族手当、通勤手当等は含んでおりません。

・通勤交通費（規定による）
・残業手当
・深夜時間勤務手当
・食事手当（規定による）
・深夜食事手当（規定による）
・家族手当（扶養家族1人目1万円／2人目、3人目7000円／配偶者5000円加算）","【フロント対応】
チェックイン、チェックアウト
宿泊予約受付
客室コントロール
WEB予約処理
荷物のお預かり
観光地や飲食店のご案内
インチャージ（時間帯責任者）業務","ホテル運営経験（接客、フロント、宿泊予約業務）
大卒、短大卒、専門学校卒

歓迎スキル・経験
ホテルシステム経験（TLリンカーン、NEHOPS等）

私たちが求める人物像
・「相手が求めているものは何か」を自ら考え行動し、誰に対しても積極的にコミュニケーションが取れる方
・知識とスキルを用いて、周囲の指導を仰いだり、周りのサポートを行いながら、広い視野で課題を特定し解決を図れる方","【ホテル毎に条件異なるため一例】
■シフト制
・1ヶ月単位の変形労働時間制
・標準的な勤務時間帯：
　日勤／8:30-17:00、13:30-22:00
　深夜勤／22:00-翌6:30（実働7.5時間／休憩60分）
　夜勤／16:30-翌9:30（実働15.0時間／休憩120分）

■残業：あり
　※月平均10-30時間程度","■休日
・年間休日数：110日
・月8日以上休み
・毎月公休希望日の相談可能

■休暇
・年次有給休暇（初年度は入社月に応じて付与）
・積立休暇（使用要件有）
・産休・育児休業
・介護休業
・特別休暇
※長期休暇取得推奨",,雇用保険、労災保険、厚生年金、健康保険,"■福利厚生
・社会保険完備
・退職金制度
・グループホテル宿泊割引制度
・三菱地所グループ従業員持株会制度
・福利厚生団体サービス加入
・確定拠出年金
・財産形成貯蓄
・団体生命保険割引制度
・定期健康診断
・ストレスチェック
・自己啓発支援制度
・自己啓発における通学のための短時間勤務制度
・資格取得支援制度
・社員表彰制度
・永年勤続表彰制度

・3年目研修
・中堅リーダー研修（目安：20代後半-30代前半）
・中堅層ビジネススキルアッププログラム（目安：20代後半-30代前半）
・ニューフェイスアワード（目安：20代前半）
・階層別研修
・役職別研修
・コンプライアンス研修
・人権研修
・オープニングスタッフ研修",屋内原則禁煙（喫煙専用室あり）,N２以上,,,,2026-05-31,,,"・書類選考→一次選考→二次選考
※場合によって適性検査を受けていただきます。",,,,,,新卒・中途,,,,,
sewa-2026022502,Too8t5MwlmAQ6Xrt0afG,フロント/技人国/三菱地所,Active,,Full-time,試用期間：6カ月（待遇には変更なし）,"北海道,東京都,愛知県,京都府,大阪府,兵庫県,広島県,福岡県","ザ ロイヤルパークホテル 銀座6丁目
ザ ロイヤルパーク キャンバス 銀座8
ザ ロイヤルパーク キャンバス 銀座コリドー
ザ ロイヤルパークホテル 京都三条
ザ ロイヤルパークホテル 京都四条
ザ ロイヤルパーク キャンバス 京都二条
ザ ロイヤルパーク キャンバス 大阪北浜
ザ ロイヤルパーク キャンバス 神戸三宮
ザ ロイヤルパークホテル 広島リバーサイド
ザ ロイヤルパークホテル 福岡
ザ ロイヤルパーク キャンバス 福岡中洲
ザ ロイヤルパーク キャンバス 札幌大通公園
ザ ロイヤルパーク キャンバス 名古屋",,"【ホテル毎に条件異なるため一例】
月給199,900円～（一律食事手当8,800円を含む）＋ 諸手当 + 賞与

※昇給あり（昨年度実績：年１回）
※賞与あり（昨年度実績：年２回）

＜年収例＞
■チーフ（26歳）年収400万円（基本給＋諸手当＋賞与込）
■アシスタントマネジャー（29歳）年収450万円（基本給＋諸手当＋賞与込）
※深夜時間勤務手当、家族手当、通勤手当等は含んでおりません。

・通勤交通費（規定による）
・残業手当
・深夜時間勤務手当
・食事手当（規定による）
・深夜食事手当（規定による）
・家族手当（扶養家族1人目1万円／2人目、3人目7000円／配偶者5000円加算）","【フロント対応】
チェックイン、チェックアウト
宿泊予約受付
客室コントロール
WEB予約処理
荷物のお預かり
観光地や飲食店のご案内
インチャージ（時間帯責任者）業務","大卒、短大卒、専門学校卒
ホテル運営経験（接客、フロント、宿泊予約業務）

歓迎スキル
ホテルシステム経験

私たちが求める人物像
・「相手が求めているものは何か」を自ら考え行動し、誰に対しても積極的にコミュニケーションが取れる方
・知識とスキルを用いて、周囲の指導を仰いだり、周りのサポートを行いながら、広い視野で課題を特定し解決を図れる方

TLリンカーン、NEHOPS等","【ホテル毎に条件異なるため一例】
■シフト制
・1ヶ月単位の変形労働時間制
・標準的な勤務時間帯：
　日勤／8:30-17:00、13:30-22:00
　深夜勤／22:00-翌6:30（実働7.5時間／休憩60分）
　夜勤／16:30-翌9:30（実働15.0時間／休憩120分）

■残業：あり
　※月平均10-30時間程度","■休日
・年間休日数：110日
・月8日以上休み
・毎月公休希望日の相談可能

■休暇
・年次有給休暇（初年度は入社月に応じて付与）
・積立休暇（使用要件有）
・産休・育児休業
・介護休業
・特別休暇
※長期休暇取得推奨",,雇用保険、労災保険、厚生年金、健康保険,"■福利厚生
・社会保険完備
・退職金制度
・グループホテル宿泊割引制度
・三菱地所グループ従業員持株会制度
・福利厚生団体サービス加入
・確定拠出年金
・財産形成貯蓄
・団体生命保険割引制度
・定期健康診断
・ストレスチェック
・自己啓発支援制度
・自己啓発における通学のための短時間勤務制度
・資格取得支援制度
・社員表彰制度
・永年勤続表彰制度

・3年目研修
・中堅リーダー研修（目安：20代後半-30代前半）
・中堅層ビジネススキルアッププログラム（目安：20代後半-30代前半）
・ニューフェイスアワード（目安：20代前半）
・階層別研修
・役職別研修
・コンプライアンス研修
・人権研修
・オープニングスタッフ研修",屋内原則禁煙（喫煙専用室あり）,N2以上,,,,2026-05-31,,,"・書類選考→一次選考→二次選考
※場合によって適性検査を受けていただきます。",,,,,,中途,,,,,
sewa-2026022501,Too8t5MwlmAQ6Xrt0afG,フロント/特定活動46号/三菱地所,Active,,Full-time,試用期間：6カ月（待遇には変更なし）,"東京都,宮城県,愛知県,千葉県,大阪府,京都府,沖縄県,兵庫県,福岡県,北海道","ロイヤルパークホテル（日本橋）
ザ ロイヤルパークホテル アイコニック 東京汐留
ザ ロイヤルパークホテル 東京羽田
丸ノ内ホテル
横浜ロイヤルパークホテル（※一時閉館中）
仙台ロイヤルパークホテル
ザ ロイヤルパークホテル アイコニック 名古屋
ザ ロイヤルパークホテル アイコニック 大阪御堂筋
ザ ロイヤルパークホテル アイコニック 京都
ザ ロイヤルパークホテル 京都梅小路
ザ ロイヤルパークホテル 舞浜リゾート 東京ベイ
ザ ロイヤルパークホテル アイコニック 那覇
ザ ロイヤルパークホテル 銀座6丁目
ザ ロイヤルパーク キャンバス 銀座8
ザ ロイヤルパーク キャンバス 銀座コリドー
ザ ロイヤルパークホテル 京都三条
ザ ロイヤルパークホテル 京都四条
ザ ロイヤルパーク キャンバス 京都二条
ザ ロイヤルパーク キャンバス 大阪北浜
ザ ロイヤルパーク キャンバス 神戸三宮
ザ ロイヤルパークホテル 広島リバーサイド
ザ ロイヤルパークホテル 福岡
ザ ロイヤルパーク キャンバス 福岡中洲
ザ ロイヤルパーク キャンバス 札幌大通公園
ザ ロイヤルパーク キャンバス 名古屋",,"【ホテル毎に条件異なるため一例】
月給199,900円～（一律食事手当8,800円を含む）＋ 諸手当 + 賞与

※昇給あり（昨年度実績：年１回）
※賞与あり（昨年度実績：年２回）

＜年収例＞
■チーフ（26歳）年収400万円（基本給＋諸手当＋賞与込）
■アシスタントマネジャー（29歳）年収450万円（基本給＋諸手当＋賞与込）
※深夜時間勤務手当、家族手当、通勤手当等は含んでおりません。

・通勤交通費（規定による）
・残業手当
・深夜時間勤務手当
・食事手当（規定による）
・深夜食事手当（規定による）
・家族手当（扶養家族1人目1万円／2人目、3人目7000円／配偶者5000円加算）","【フロント対応】
チェックイン、チェックアウト
宿泊予約受付
客室コントロール
WEB予約処理
荷物のお預かり
観光地や飲食店のご案内
インチャージ（時間帯責任者）業務","ホテル運営経験（接客、フロント、宿泊予約業務）
大卒、短大卒、専門学校卒

歓迎スキル
ホテルシステム経験（TLリンカーン、NEHOPS等）

求める人物像
「相手が求めているものは何か」を自ら考え行動し、誰に対しても積極的にコミュニケーションが取れる方
知識とスキルを用いて、周囲の指導を仰いだり、周りのサポートを行いながら、広い視野で課題を特定し解決を図れる方","【ホテル毎に条件異なるため一例】
■シフト制
・1ヶ月単位の変形労働時間制
・標準的な勤務時間帯：
　日勤／8:30-17:00、13:30-22:00
　深夜勤／22:00-翌6:30（実働7.5時間／休憩60分）
　夜勤／16:30-翌9:30（実働15.0時間／休憩120分）

■残業：あり
　※月平均10-30時間程度","■休日
・年間休日数：110日
・月8日以上休み
・毎月公休希望日の相談可能

■休暇
・年次有給休暇（初年度は入社月に応じて付与）
・積立休暇（使用要件有）
・産休・育児休業
・介護休業
・特別休暇
※長期休暇取得推奨",あり,雇用保険、労災保険、厚生年金、健康保険,"・社会保険完備
・退職金制度
・グループホテル宿泊割引制度
・三菱地所グループ従業員持株会制度
・福利厚生団体サービス加入
・確定拠出年金
・財産形成貯蓄
・団体生命保険割引制度
・定期健康診断
・ストレスチェック
・自己啓発支援制度
・自己啓発における通学のための短時間勤務制度
・資格取得支援制度
・社員表彰制度
・永年勤続表彰制度

・3年目研修
・中堅リーダー研修（目安：20代後半-30代前半）
・中堅層ビジネススキルアッププログラム（目安：20代後半-30代前半）
・ニューフェイスアワード（目安：20代前半）
・階層別研修
・役職別研修
・コンプライアンス研修
・人権研修
・オープニングスタッフ研修",屋内原則禁煙（喫煙専用室あり）,・N2以上,,,,2026-05-31,,,"・書類選考→一次選考→二次選考
※場合によって適性検査を受けていただきます。",,,,,,新卒・中途,,,,,
sewa-2026022403,BIPUFz8ZojMsAjKA989n,フロント業務(日本語と英語で対応可能な方),Active,,Full-time,,京都府,京都府京都市東山区妙法院前側町431,,,,,,,,,,,,,,,2026-05-31,,,,,,,,,中途,,,,,
sewa-2026022402,EsK9BQ6YViSaacLtEV3D,フロントスタッフ,Active,,Full-time,無期限,"京都府,兵庫県,東京都,沖縄県",,京都 姫路 那覇 半蔵門 銀座 沖縄（那覇とは違う施設）,"月給 23万1,000円～39万5,000円

経験により当社規定に従い優遇いたします。
業績に応じ四半期毎に報奨金を別途支給。

昇給・賞与　年2回

受け入れ時役職：リーダー以上（固定残業代：3.2万） 月給 28万円以上
受け入れ時役職：サブマネージャー以上（固定残業代：5.3万） 月給 30万円以上","仕事内容
お客様のチェックイン・チェックアウト、精算の対応、館内情報の提供、観光スポットやレストラン、交通手段などをご案内します。お客様とコミュニケーションを取りながら、快適で満足度の高い滞在を提供することがホテルフロントのお仕事です。

ワンランク上のスキルを
ホテルフロントは常に人と接して、コミュニケーションをとるお仕事です。コミュニケーション力や接客スキルがしっかり身に付きます。安定した会社基盤による安心してお客様と向き合える職場環境により、これまでのご経験を存分に発揮していただけます。

充実の待遇をご用意
昇給、賞与はそれぞれ年2回。社会保険完備はもちろん、制服貸与、交通費を規定支給。年間休日110日に加え、年5回の年休取得義務などもあります。マナーや語学研修等で経験の少ない方もしっかりバックアップ。安心して大きく成長できる環境をモントレはご用意しています。

ホテルモントレグループ
ホテルモントレは、1986年の創業以来、全国10都市に21ホテルを展開中。ホテルモントレグループとしてはホテル事業以外にもゴルフ場などのリゾート地運営を行っています。これからも生活の喜びと潤いのあるサービスを提供し、地域社会に貢献できることをモットーとしていきます。","英語＋中国語か韓国語を話せると良い
日本語能力試験N2以上
未経験：OK","シフト制　休憩60分
8時間労働
9時間拘束",年間休日110日,,社会保険完備（健康保険、厚生年金保険、雇用保険、労災保険）,"交通費月額最高50,000円まで支給
社保完備
制服貸与
各種研修制度
社員割引有
定期健康診断
育児・出産・介護休暇有り",,日本語能力試験N2以上,,,,2026-04-30,,35歳未満の方（例外事由3号イ／長期キャリア形成のため）,書類選考→一次面接→二次面接→内定,,,,,,中途,,,,,
sewa-2026022401,EdNc2rlD4TnCJcz9TvI7,ホテルのフロントスタッフ,Active,,Full-time,無期限,,"■ 北海道
KOKO HOTEL 札幌駅前 / 札幌大通 / 札幌すすきの
KOKO STAY 千歳
ベストウェスタンプラスホテルフィーノ千歳
ホテルウィングインターナショナル旭川駅前 / 苫小牧

■ 宮城県
KOKO HOTEL 仙台駅前 South / West / 勾当台公園
バリュー・ザ・ホテル仙台名取 / 東松島矢本

■ 福島県
KOKO STAY 須賀川
バリュー・ザ・ホテル楢葉木戸駅前

■ 茨城県
KOKO STAY 日立
ホテルウィングインターナショナル鹿嶋

■ 東京都
KOKO HOTEL Premier 日本橋浜町
KOKO HOTEL 銀座一丁目 / 築地 銀座 / 新橋御成門 / 新宿四谷 / 池袋 / 後楽園 / 東京西葛西 / 浅草駒形 / 上野駅前
KOKO HOTEL Residence 浅草かっぱ橋 / 浅草田原町
ベストウェスタンホテルフィーノ東京赤坂
ホテルウィングインターナショナル東京赤羽

■ 神奈川県
KOKO HOTEL 横浜鶴見
KOKO STAY 相模原
ベストウェスタンホテルフィーノ新横浜
ホテルウィングインターナショナル湘南藤沢

■ 石川県
KOKO HOTEL Premier 金沢香林坊
ホテルウィングインターナショナルプレミアム金沢駅前

■ 岐阜県
KOKO HOTEL 飛騨高山

■ 静岡県
KOKO HOTEL 沼津インター / 沼津駅前 / 静岡
ホテルふたり木もれ陽（伊東）

■ 愛知県
KOKO HOTEL 名古屋丸の内 / 名古屋栄 / 名古屋栄 South
ベストウエスタンプラス名古屋栄

■ 京都府
KOKO HOTEL 京都三条 / 京都四条烏丸
KOKO HOTEL Residence 京都 二条城
KAYA 京都 二条城 BWシグネチャーコレクションbyベストウェスタン
yugen kyoto shijo

■ 大阪府
KOKO HOTEL 大阪なんば 恵美須町 / 大阪新世界 / 大阪心斎橋 / 大阪なんば 千日前 / 大阪梅田 / 東大阪
ベストウェスタンプラス ホテルフィーノ大阪北浜
ベストウェスタンホテルフィーノ大阪心斎橋 / 大阪塚本

■ 兵庫県
KOKO HOTEL 神戸三宮 / 神戸新長田 / 姫路城

■ 広島県
KOKO HOTEL 広島駅前

■ 山口県
KOKO STAY 下関

■ 香川県
KOKO HOTEL 高松

■ 福岡県
KOKO HOTEL Premier 博多
KOKO HOTEL 福岡天神 / 博多駅前 / 博多新幹線口
ベストウェスタンプラス 福岡天神南

■ 熊本県
KOKO HOTEL Premier 熊本
KOKO STAY 熊本八代
KOKO HOTEL Residence 熊本上通
ホテルウィングインターナショナルセレクト熊本

■ 宮崎県
KOKO STAY 都城

■ 鹿児島県
KOKO HOTEL 鹿児島天文館
KOKO STAY 出水

開業予定
■ 宮城県
KOKO HOTEL 仙台駅前 Central（2026年5月予定）

■ 茨城県
KOKO HOTEL 水戸駅前（2027年5月予定）

■ 千葉県
KOKO HOTEL Premier 東京ベイ幕張（2026年春予定）

■ 東京都
KOKO HOTEL Residence 押上（2026年7月予定）
KOKO HOTEL Residence 北上野（2027年春予定）
KOKO HOTEL Residence 上野新御徒町Ⅰ（2027年夏予定）
KOKO HOTEL Residence 上野新御徒町Ⅱ（2027年秋予定）
KOKO HOTEL Residence 本所吾妻橋（2028年2月予定）
KOKO HOTEL Residence 東京京橋（2028年2月予定）
KOKO HOTEL 大森駅前（2028年春予定）

■ 奈良県
奈良市三条町ホテルプロジェクト（2028年春予定）

■ 広島県
広島市南区稲荷町プロジェクト（2029年4月予定）

■ 大分県
別府市野口中町プロジェクト（2027年7月予定）

■ 熊本県
KOKO HOTEL Residence 熊本上通（2027年6月予定）

■ 香川県
KOKO HOTEL 高松瓦町駅前（2028年9月予定）

■ 沖縄県
KOKO HOTEL 那覇前島（2027年春予定）
KOKO HOTEL Premier 那覇（2028年夏予定）",全国,"給与詳細
基本給：月給 23万円 〜 35万円

固定残業代：なし

【一律手当】
全員に一律で支払われる通勤・皆勤・家族手当金額：なし
全員に一律で支払われるその他手当金額：なし

■地域手当制度（2026年4月より導入予定）
└東京在住の方は20,000円／月
└千葉、埼玉、神奈川在住の方は13,000円／月

✅年収400万円／35歳 経験6年 ／リーダー（月給30万＋期末手当）
✅年収500万円／45歳 経験10年 ／支配人（月給38万＋期末手当）

賞与：年1回（4月／2024年実績1ヶ月分）","＼ 具体的な仕事内容 ／
◇━━━━━━━━━━━━━━━━━◇

・チェックイン、チェックアウト対応
・ゲストの予約受付/管理、PC入力
・宿泊費等の精算業務/お会計
・ゲストへの館内インフォメーション、
観光のご案内
・日報の作成
・団体管理・受入業務
・施設、部屋の確認(インスペクション) など

【当ホテルで働くメリット】
＝＝＝＝＝＝＝＝＝＝＝＝＝＝＝＝＝＝＝

✅語学を学びたい方にもオススメ！
￣￣￣￣￣￣￣￣￣￣￣￣￣￣￣￣￣
2022年7月にオープンしたホテルで、
お客様の9割以上がインバウンドのお客様。

英語スキルは活かせますが、必須ではありません。
英語が得意な方は、
業務でそのスキルを活かしてご活躍いただけます。
一方で、英語が苦手な方もご安心ください。
徐々に覚えていけば大丈夫です。

インバウンドの需要はますます増えており、
中国語・韓国語・スペイン語なども
活かせる環境です。

✅経験よりもマインドを重視します
￣￣￣￣￣￣￣￣￣￣￣￣￣￣￣￣￣￣
採用において重視しているのは
経験以上に頑張る姿勢や、
私たちの理念への共感です。

以下のビジョンとバリューに
共感いただける方はぜひご応募ください。

■Vision
「旅を面白くする、
ホスピタリティカンパニーへ」

ホテルを”ただの泊まる場所”から、
”旅を面白くする出発点”に変えたい。
そのために多様なホテル展開や空間づくり、
地域の魅力を活かした新サービス等により
旅を、人生をより面白くする
ホスピタルカンパニーを目指します。

■Core Value
「お客様に、仲間に、
あなたに笑顔を。」

笑顔はホスピタリティの原点。
お客様はもちろん、仲間が、
そして自分自身も笑顔になることが
旅の記憶を彩り、人生を豊かにします。
まずは自分が笑顔でいることで
周囲の空気が変わり、安心感と信頼が生まれ、
最高のおもてなしとなるのです。

✅高い定着率の理由は支配人の存在！
￣￣￣￣￣￣￣￣￣￣￣￣￣￣￣￣￣￣
オープンから約3年半が経ちますが、
定着率はなんと90％以上！
その理由の一つが、支配人の存在です。

支配人は、スタッフとの
コミュニケーションを大切にしており、
定期的に面談を行い、
仕事の悩みはもちろん、
「こんなことをやってみたい」といった
前向きな気持ちもきちんと聞いてくれます。

実際に、やりたいことを形にできる
環境が整っており、
たとえば「ベビー用品を追加したい」
という声があったときには、
子育て経験のあるスタッフに意見を求めることも。

また、支配人はチーム全体の
バランスを考え、
仕事が特定の人に偏らないように
配慮してくれます。
スタッフを信用し、裁量のある仕事も
どんどん任せてくれるので、
自分の成長を実感できる職場です♪

昇給のペースが早いのも特徴です。

✅キャリアアップも目指せます！
￣￣￣￣￣￣￣￣￣￣￣￣￣￣￣￣￣￣
上場企業である
「ポラリス・ホールディングス株式会社」
が運営するホテルです。

2026年7月以降には近隣で
系列ホテルを複数オープン予定！
立ち上げ時のメンバーになることや、
主任など役職についていくことも可能です。","【必須】
■PC作業ができる方
（Excel等でデータ入力ができればOK）
※面接時、文字起こし等の
簡単なPCスキルテストを実施します。

【歓迎】
■英会話ができる方
■英語（外国語）に抵抗がない方
■日本語での日常会話
（N2レベル）ができる方

【こんな方にオススメです】
■仕事と休暇を充実させたい方
■語学を学びたい、
活かした仕事をしたい方
■急成長中の業界/企業に興味がある方
■安定した経営基盤で
自分のキャリアを育てたい方","実働時間：1日あたり8時間
平均勤務日数：1ヶ月あたり19日 〜 22日

【シフト例】
9:00～18:00
13:00～22:00
22:00～翌9:00（夜勤※休憩2時間）

など

※残業ほぼなし（月平均10時間以下）
※シフトは希望を最大限に考慮し、
決定します（月々のシフト変更あり）",シフト制（月9日休み）,※残業ほぼなし（月平均10時間以下）,雇用保険、労災保険、健康保険、厚生年金,"【福利厚生】
■昇給年1回（4月）
■期末手当年1回（昨年度実績1ヶ月分）
■交通費全額支給
■時間外手当(1分単位)支給
■役職手当
■社員持株制度
■オフィス内禁煙
■制服貸与
■有給休暇（取得率60％/半日単位での取得可/入社半年後付与）
■介護休暇
■慶弔休暇
■産前産後・育児休暇
■時短勤務有
■結婚・出産祝い金制度
■従業員紹介制度
■定期健康診断
■社会保険完備（雇用・労災・健康・厚生年金）
■資格保有手当（入社1年後より付与）
∟TOEIC700以上：2000円/月
∟TOEIC900以上：4000円/月
∟日本語能力試験（日本語検定）N1：3000円/月
∟日商簿記2級：3000円/月
∟日商簿記1級：5000円/月
■地域手当制度（2026年4月より導入予定）
└東京在住の方は20,000円／月
└千葉、埼玉、神奈川在住の方は13,000円／月
など",,"日本語での日常会話（N2レベル）ができる方
英会話ができる方",,,,2026-04-30,,35歳未満の方（例外事由3号イ／長期キャリア形成のため）,"ご応募→面接（１～２回）→内定

※面接時、文字起こし等の
簡単なPCスキルテストを実施します。

※人柄重視の採用を行っています。",,,,,,中途,,,,,
sewa-2026021901,y2PMwiIJSrazfRqs890D,無期雇用派遣エンジニア,Active,ブライザは、自動車のEV化や半導体市場の拡大といった成長産業に特化した技術系アウトソーシング企業です 。現在は大手メーカー内での「チーム派遣・業務委託（匠プロジェクト）」を最重要ミッションと位置づけ、組織力強化のために新たなエンジニアを募集します 。,Full-time,無期限,,各プロジェクト先（宇都宮、横浜、名古屋、大阪、広島、熊本等の各営業所管轄）,全国,"想定年収: 300万円 〜 850万円（経験・スキルにより決定、残業代別途全額支給） 

昇給・賞与: 昇給年1回（4月）、賞与年2回（7月・12月）

諸手当: 家族手当（1人目1万円/月等）、役職手当、資格手当（月2千円〜5万円）","自動車、半導体、電機・電子機器分野における研究、設計・開発、実験・評価などのプロジェクトに従事いただきます 。案件の約70%が設計・開発などの上流工程です 。

機械設計: EV用バッテリーパック、自動運転車両の試作、半導体製造装置、ロボットアーム等の筐体・機構設計 。


電気・電子設計: 電池パック内の配線、LSI論理設計、イメージセンサーの開発、デジタル回路設計 。


制御・ソフト開発: 自動運転・運転支援システム、ECU制御ソフト、半導体装置の画像処理ソフト開発 。","MUST（経験者）: 各分野での職種経験3年程度（機械・電気電子の設計、開発、評価等）
MUST（未経験/ポテンシャル）: 理工系学部・高専卒（30歳以下の方）

WANT: 全国転勤が可能な方（エリア限定は応相談）","就業時間: 9:00〜18:00（目安・派遣先により異なる） 

平均残業: 月10〜20時間程度","■休日：
週休2日制（土日祝日）
※年間休日120日＋計画年休5日
■休暇：
年末年始休暇、GW休暇、夏季休暇、有給休暇、他
※年間有給休暇10日～20日
（入社半年経過後10日付与）
※有給取得日数：平均12日）",月10〜20時間程度,社会保険完備,"＜各手当・制度補足＞
■家族手当：
1人目／月1万円、2人目以降1人／月5,000円
■寮社宅：家賃・共益費の50％を上限に会社が負担
（自身にて既契約の住居は適用外）
■退職金制度：勤続年数3年以上
■単身赴任手当：50,000円（家族手当対象の扶養家
族を有する社員が単身で赴任するとき）
■単身引越手当／U・Iターン支援制度：
引越代を全額会社が負担 ※社内規定あり
■結婚祝：祝金の他、特別休暇5日
■出産祝：祝金の他、特別休暇2日
＜資格取得支援制度補足＞
■資格取得受験料補助：会社で定めた資格の受験料
50％支給
■技術図書購⼊補助：資格取得に関わる専門書籍の
購入費を年間1万円まで補助
■資格取得祝金：資格により24,000～300,000円
■資格手当：月2千円～5万円 ※資格により異なる
■技術研修の補助",‐,日本語能力N2以上,,,,2026-03-31,,経験者：45歳以下の方(応相談：46～55歳)　未経験者：35歳以下,"1次面接: 各営業所の次長または所長クラスが担当します 
Point: 経験業務、退職理由、志望動機、入社後の目標など 
↓
最終面接: 1次面接官、または次長・所長の両名が同席します 
Point: 意思確認要素の強い面談形式（志望度や想定案件への興味確認） 
↓
内定・条件面談: 内定通知書発行後、労働条件や処遇について詳しく説明します",,,,,,中途・新卒(30歳以下の理系学部卒),,,,,
sewa-2026021801,IRrLH9g9Z78PR2M3ZlvV,【オープンポジション】楽天モバイル 基地局建設・管理プロジェクト (RMI/RTS 基地局設置統括部),Active,"日本の通信インフラを共に創り上げる仲間を求めています
楽天モバイルは、お客様に最高の通信体験を提供するため、全国規模でのカバレッジ拡大とネットワーク品質の向上を加速させています。都市部から地方まで、あらゆる場所で高品質な通信を安定して提供するためには、基地局の建設・維持管理が不可欠です。

私たちは、この壮大なミッションを共に達成し、日本の通信インフラの未来を切り拓く仲間を募集しています。あなたの経験と情熱を、楽天モバイルの成長の原動力にしませんか？",Full-time,,,"首都圏を中心に全国 ※入社時の勤務地は応相談

出向に関する補足：当面予定なし",,470万円〜,"基地局戦略に基づき、プロジェクトの発足から達成までのマネジメントを担っていただきます。

【主な業務内容】
基地局設置進捗管理： 屋外/屋内/地下鉄トンネルにおける基地局設置進捗を管理し、電波発射の時期や場所をコントロール
全国工事会社連携： 全国各地の工事会社と連携し、マイルストーン策定、指示出し、進捗管理
課題解決と調整： プロジェクト課題に迅速に対応し解決。他事業者、社内、海外エンジニアなど多様なステークホルダーとの連携
ドキュメント精査と品質向上： 各種ドキュメントの確認・精査とプロセス改善
基地局運用・保守サポート： 電波発射済み基地局の適正オペレーションをサポートし、品質を保持

本ポジションはオープンポジションです。
業務内容も多種多様なため、入社後はご自身のスキルやキャリアに合わせて配属先を決定し、各プロジェクトにアサインいたします。

働く環境
北海道、仙台、東京、名古屋、大阪、広島、福岡まで7拠点
基地局設置統括部全体で約3,000名のメンバーが在籍*
*楽天モバイルメンバーも含みます","必須要件：
・高いコミュニケーション能力：日本語（流暢）
・チームワークおよび自ら考え行動する能力

歓迎要件：
・通信業界の知識・経験
・基地局建設管理、設計経験
・施工会社折衝経験",,,,,,,,,,,2026-03-31,,,,,,,,,,,,,https://rakuten.wd1.myworkdayjobs.com/ja-JP/RakutenTotalSolutions/job/--PJT-RTS--_1022909,
sewa-2026021702,JtVINwl9yppYEgb7Bs6x,SaaS・クラウド製品営業,Active,,Full-time,試⽤期間：3カ⽉〜最⻑6カ⽉ ※期間中の給与‧福利厚⽣などの待遇に変動はあ りません,東京都,"当社100％出資⼦会社『株式会社ライオニス』へ
の在籍出向となります。

＜株式会社ライオニス＞
東京都江東区東陽4-3-1 東陽町信栄ビル4階",,"【経験者】⽉給42万9000円〜（固定残業代含む）＋賞与（年2回＋業績賞与）
【業界未経験者】⽉給26万円〜（固定残業代含む）＋賞与（年2回＋業績賞与）

※固定残業代は、時間外労働の有無に関わらず⽉45時間分（経験者：⽉10万9563円〜∕未経験者：⽉6万6402円〜）を⽀給。超過分は追加で⽀給。
※経験‧能⼒を考慮の上、規定により決定いたします。

＜賞与＞
年2回（7⽉‧12⽉）+ 業績賞与 ※⽀給実績2カ⽉分

＜昇給＞
年1回

＜入社時の想定年収＞
年収600万円〜1000万円（経験者）
年収364万円〜600万円（業界未経験者）","■ 職種
SaaSサービス・クラウド製品営業
／海外IT製品の市場開拓
／新規開拓・ノルマなし

■ 在籍出向先
株式会社ライオニス（100％子会社）

■ 仕事内容
海外ITメーカーと日本企業をつなぐ営業。
▼ 業務フロー
1. 問い合わせ対応
2. 商談設定（100％Web）
3. 課題ヒアリング
4. 製品提案
5. メーカーとの調整
6. 受注
7. アフターフォロー

■ 商材例
・法人向けクラウドファイルサーバー
・企業向けSaaSサービス
・クラウド型デジタルサイネージ

■ 特徴
・テレアポ・飛び込みなし
・海外最先端SaaSを扱える
・導入社数7万社超
・TVCM放映企業
・残業月20時間以下
・年間休日120日以上","＜必須＞
・法人営業経験3年以上
・日本語能力試験（JLPT）N1またはN2取得

＜歓迎＞
・IT業界経験
・ITコンサル経験
・語学力（英語または中国語または韓国語）","10:00〜19:00（所定労働時間8時間 休憩60分）

【 スケジュールはあなた次第！】
時差出勤制度もあり、商談に応じてスケジュールを決めることが可能。
「今⽇は定時で帰ろう」「明⽇のために今⽇は少し残業しよう」など、柔軟な働き⽅ができます！","＜年間休日＞
120⽇以上

＜休日・休暇＞
■完全週休2⽇制（⼟‧⽇）
■祝⽇休み
■年末年始休暇
■夏季休暇
■慶弔休暇
■有給休暇
■産前‧産後休暇
※取得実績あり
■育児休暇
※取得実績あり
★有給と組み合わせて、5⽇以上の連続休暇取得も可能です。","あり
⽉20時間 以下",■社会保険完備（雇⽤‧労災‧健康‧厚⽣年⾦）,"■社員旅⾏補助
■交通費全額⽀給
■残業代（超過分）",,"・日本語能力試験（JLPT）N1またはN2取得
・英語または中国語または韓国語によるビジネスコミュニケーション",,,,2026-03-31,,,,,,,,,中途,,,,,
sewa-2026021701,JtVINwl9yppYEgb7Bs6x,開発エンジニア（PM候補）,Active,"当社の事業の⼀つである、“SI事業”において依頼が急増中。開発体制を整えて、さらに事業を拡⼤するため、新メンバ
ーを募集します。マネジメント志向の⽅、技術を極めたいスペシャリスト志向の⽅、どちらも⼤歓迎です︕",Full-time,,"東京都,神奈川県","★客先常駐⼀切なし、100％⾃社内勤務です︕

【本社】東京都江東区東陽4-3-1 東陽町信栄ビル4階
【⽀社】神奈川県横浜市港北区 新横浜2－2－15 パレアナビル6階
交通・詳細：
・本社/東⻄線｢東陽町駅｣徒歩2分
・横浜⽀社/JR横浜線「新横浜駅」徒歩2分

＜勤務地エリア＞
東京都(江東区)、神奈川県(横浜市港北区)",,"□年俸制:800万円〜1200万円(PM・PL経験をお持ちの⽅）
□年俸制:400万円〜800万円(開発経験をお持ちの⽅）

※上記年俸を16分割し、⽉1回1/16ずつ⽀給。残りの4ヵ⽉分は年2回に分けて賞与として⽀給します
※経験・スキルに応じ、当社規定内で決定いたします
※45時間の⾒込残業代含む
※試⽤期間6ヶ⽉／期間中の待遇に差異はありません","当社で請け負う受託案件の開発をお任せします。

≪具体的な仕事内容≫
■設計
■開発
■テスト
などからスタートし、将来は要件定義や設計、プロジェクトの進捗管理、顧客とのやりとりなどもお任せします。
★既に⼗分な経験をお持ちの⽅には、早期にPMなどのポジションをお任せする可能性もあります。

＜案件例＞
■⽣産管理システム、販売管理システム、製造管理システム、流通系システム、⼈材系システムなど
■開発環境／.NET、C#、PHP、MySQL、AWS、Azureなど

| 希望を希望のままで終わらせません。
社員⼀⼈ひとりに⼤きな裁量を委ねていることも当社の特徴です。もちろん、“裁量を委ねる”ということは“放置する”ということではありません。社員から｢もっとこんなことがしてみたい︕｣そんな声があがれば、希望を叶えるため、全⼒でバックアップします。それが企業としての務めだと考えています︕そのため、｢マネジメントに専念したい｣｢技術にずっと触れていたい｣｢リーダー業務だけでなく、⼿も動かしていたい｣など、思い思いのキャリアを描くことができます。また、PL・PMがゴールではなく、コンサルタント系やセールス、経営層などキャリアチェンジ、キャリアアップすることも可能です︕

| ⾼い⾃由度と助け合う社⾵が⾼い定着率の理由です︕
スケジュールの組み⽅、タスクの進め⽅は各エンジニアに任せているため、⾃由度⾼く働くことができます︕実際、｢明⽇のために今⽇は少し頑張ろう｣｢予定があるから今⽇は定時で帰ろう｣など、多くのエンジニアがメリハリを付け、プライベートと両⽴しながら働いています︕また、⾃社内開発という環境もあり、エンジニア同⼠の距離が近いことも特徴。⼀⼈に業務が偏らないよう、協⼒しながら進めていることも働きやすい環境が実現されている理由の⼀つです︕","□Webシステムの開発経験をお持ちの⽅(2年以上の⽅を想定)
★⾔語、フェーズは不問です︕上流未経験の⽅も⼤歓迎です︕

□学歴
・日本でITエンジニアとして就労可能なビザを取得可能な方

＜歓迎する経験・スキル＞
◇複数名のマネジメント経験がある⽅
◇ECサイト構築経験のある⽅","10︓00〜19:00（実働8H）※時差出勤可能です。

＜残業について＞
安定期は20時間程度と少なめです。","《年間休⽇120⽇以上》
◇完全週休2⽇制（⼟・⽇）
◇祝⽇
◇年末年始休暇
◇夏季休暇
◇慶弔休暇
◇有給休暇(11⽇〜20⽇)
└(勤務年数により加算)⼊社年度は、⼊社⽉に応じて付与",あり,◇各種社会保険完備,"◇昇給年1回
◇決算賞与有
◇交通費全額⽀給
◇残業代全額⽀給
◇社員旅⾏補助
※試⽤期間最⻑6ヵ⽉／同条件",◇社内禁煙,日本語能力試験（JLPT）N1またはN2取得者,,,,2026-03-31,,,,,,,,,中途,,,,,
sewa-2026021301,9FzxYfsxRq22hHh31OeA,リソル那覇/技人国/フロント,Active,,Contract,試用・研修期間：3ヶ月  試用・研修期間の条件：本採用と同じ  ※勤務条件や能力により短縮あり,沖縄県,ホテルリソルトリニティ那覇,,"月給 21万円以上

昇給年1回
交通費： 通勤交通費全額支給","※日勤のみシフト1名、日勤・夜勤ミックスシフト1名募集

◆経験者優遇！ホテルフロント業務大募集★
ホテルでのフロント業務全般をお願いします。

《仕事内容》
・お客様対応
・チェックイン・チェックアウト業務
・館内や周辺レストラン、観光のご案内
・夜間の見回り
・フロントエリアの簡単な掃除
・翌日チェックイン予定のお客様の客室割り当て
・売上の集計
・PCの基本操作を伴う事務作業（文字入力ができればOKです）

その他、空いてる時間は各種業務を行います。
▼▼その他業務例
WEB管理、営業、企画、館内設備管理、経理業務、在庫管理・発注、人事・総務管理など
※ご経験やスキルに応じて、無理のない範囲でお任せします。
◆勤務パターン（例）
【月曜】16:00　勤務開始
【火曜】10:00　業務終了
【水曜】16:00　業務開始
【木曜】10:00　業務終了
【金曜】休み
【土曜】休み
【日曜】16:00　勤務開始
【月曜】10:00　業務終了
＊勤務途中、2時間休憩あり（仮眠OK）

【ポイント！！】
上記の勤務例の場合、木曜日の10:00～日曜日の16:00までなんと66時間がお休み！
プライベートな時間が充実◎
◆経験者の方歓迎！未経験の方も研修があるので安心♪
ホテルフロントのご経験が1年以上ある方歓迎！
これまでの経験を活かして、＜RESOL HOTESL＞で働いてみませんか？

もちろん、ホテル業界が初めての方も大丈夫！
丁寧な研修制度があるので、安心してスタートできます。

◎細かい作業や確認が得意な方
◎人に喜んでもらうことが好きな方
◎外国語を活かしたい、または身につけたい方

そんなあなたにピッタリのお仕事です！
たくさんのご応募、お待ちしております！
◆研修について
「一般職⇒主任」へと
キャリアアップしていく際にはステップアップ研修をご用意しています！
しっかり学びながら成長できるので、長く続けたい方にとっても安心です。
◆あなたの笑顔でゲストに感動と思い出を！
RESOL HOTELSは、ビジネスホテルとは一線を画するデザイン性とお客様視点のサービスで全国に展開しております。

「物語のあるホテル」をコンセプトに、それぞれの土地に根差した物語、感性に触れる体験をお客様にお届けすることが私たちの使命です。
だれかの笑顔を大切にできる、自分の笑顔を大切にできる、
そんな仲間たちと一緒に働いてみませんか？","【必須】
◆高卒以上

＜海外からお越しの方が働く場合＞
◆日本で就労できる資格をお持ちの方
　在留資格：「技術・人文知識・国際業務」
　※「永住者」「日本人の配偶者等」「永住者の配偶者等」「定住者」は就労に制限なし
◆日本語能力試験N2以上のレベルの方（流暢に話せる）
◆中国語が話せる方

＜こんな方歓迎！＞
◆素敵な笑顔で対応ができる方
◆簡単なPC操作のできる方
◆経験者歓迎
◆長期で働ける方","シフト制

実働時間：8時間/日

平均勤務日数：1ヶ月あたり20日～22日

勤務曜日：月・火・水・木・金・土・日・祝

注釈内容については勤務時間補足を参照下さい。

勤務時間
[1] 09:00～18:00
[2] 13:00～22:00
[3] 22:00～翌09:00
[4] 17:00～翌11:00
最低勤務日数(週)：5日

【シフトの決め方】

シフトサイクル：1ヶ月

シフト提出期限：シフト開始の15日前

シフト確定時期：シフト開始の7日前


【勤務時間 補足】

＊夜勤あり",年間休日数（公休数）115日,,健康保険・厚生年金保険・雇用保険・労災保険,"◆交通費規定支給(通勤定期代まで/上限月額5万円)
◆昇給あり
◆制服貸与
◆社員割引制度あり

★社員割引制度について
ホテル・ゴルフ・リゾートなど各施設が従業員割引で利用可能！
他にも映画・カラオケ等などの割引もあります。",,"◆日本語能力試験N2以上のレベルの方（流暢に話せる）
◆中国語が話せる方",,,,2026-03-31,,35歳以下,面接1～2回,,,,,,,,,,,
sewa-2026021202,JRN11rGeFdR4x2hMpSC8,ベッセル名古屋/技人国/フロント夜勤,Active,,Full-time,試用期間6カ月（条件は本採用と同じ）,愛知県,〒450-0002 愛知県名古屋市中村区名駅２丁目３０－７ベッセルホテルカンパーナ名古屋,,"月給 25万円～30万円
(一律手当を含む)

スタート時基本給22万円以上
+深夜手当など各種手当
●役職手当（3000円～12万円）
　サブチーフ3000円　チーフ5000円
　副支配人6万5000円　支配人12万円

交通費： 交通費支給

片道2km以上で最高支給額
月2万2000円まで
（当社規定による）

・賞与あり","■□勤務は夜勤のみ！月10日休日のフロントスタッフを募集！
／
夜勤の良さを再認識！
働く日は凝縮、オフは濃密…☆
＼

●ストレスフリーで出勤♪
落ち着いた時間帯に通勤できます！

●日中が自分時間！
役所・病院・銀行の用事もスムーズ！
ドラマ・映画・ＳＮＳなど
趣味の時間もたっぷり♪

●時間単価の高い働き方！
少ない勤務日数でしっかり稼げます♪


＜ホテルでフロントのお仕事！＞
お任せするのは、
■フロントでのチェックイン・
　チェックアウトの手続きやご案内
■宿泊予約や電話の受付
■データの入力・管理
■朝食準備
■リネンクリーニング　など

残業少なめ♪
充実の福利厚生の当ホテルで
新しいチャレンジをしませんか？
※勤務地は近隣の【ベッセルイン栄駅前】の
　可能性もあります。（詳細面接にて）

【1日の流れ】
21:00　出勤・引き継ぎ
22:00　チェックイン対応
24:00　館内見回り・事務処理
02:00　休憩（交代制）
03:00　朝食準備・清掃補助
06:00　朝食対応
08:00　引き継ぎ・退勤
■□転勤なしの【地域正社員】★名古屋で腰を据えて働けますよ！第二新卒も歓迎します！

出産・育児休暇の取得実績もあり◎
仕事とプライベートを無理なく両立できるよう
フォローしていきますよ。

希望しない転勤はありません！
勤務は夜勤のみなので生活リズムも整います！
プライベートも充実！

◆退職金制度あり◆
■□仕事は実際に業務をこなして覚えていきましょう！一通りの業務は1ヶ月程度あれば覚えられますよ。
ホテルでの勤務経験や
接客の経験のある方はもちろん、
未経験からチャレンジしたい方も大歓迎！

将来的に全国を舞台に転勤し活躍したい方、
支配人や副支配人など
キャリアアップを目指したい方も大歓迎！

◆賞与・昇給年2回◆
■□平成15年に設立した株式会社ベッセルホテル開発。ベッセルグループとしてホテルを運営♪
◎転勤なしの地域正社員
◎男女育児休暇取得率100％
◎社長まで意見が届くカイゼン制度
　（1件につき500円以上の報奨金有）
◎お客様評価によるインセンティブ支給
◎社員間でホメあうコミュニケーションツール『RECOG』
◎各種報奨金制度（例：資格取得報奨金/
　英検3級取得で3万円支給など）","求める人材

※外国人の方は「JLPT-日本語レベルN2以上必須」
定年　60歳
業種・職種未経験歓迎

""年齢不問""
""高校卒業以上""
""経験不問""
""未経験者可""
""未経験者歓迎""
""経験者歓迎""
""長期できる方""
""第二新卒歓迎""","シフト制

実働時間：8時間/日

平均勤務日数：1ヶ月あたり21日

勤務曜日：月・火・水・木・金・土・日・祝

勤務時間
[1] 21:00～翌07:00
[2] 21:00～翌08:00
[3] 22:00～翌08:00
【シフトの決め方】

シフトサイクル：1ヶ月","■休日月10日
■年間休日120日(明け休み含む)
■シフト作成時に希望休申請可能　
■リフレッシュ休暇（5日以上の連続休暇）あり
■6ヶ月経過後の年次有給休暇日数　10日

長期休暇あり
介護休暇あり
育休あり",,雇用保険、労災保険、厚生年金、健康保険,"【保険制度】

健康保険あり
厚生年金保険あり
雇用保険あり
労災保険あり
【福利厚生】

・駅近5分以内
・研修あり
・資格取得支援あり
・退職金あり
・インセンティブあり
・資格取得手当あり
・社会保険完備
　（雇用保険、労災保険、厚生年金、健康保険）
・定期健康診断
・社内割引（本人の宿泊は30％）
　友人や家族の場合も割引あり。
・賞与・昇給年2回
・全国の運営ホテルに泊まれる年1回の従業員無料宿泊制度",,"日本語レベルN2
英語での日常会話",,,,2026-03-31,,,書類選考→面接（勤務地にて）→採用,,,,,,,,,,https://vessel-hotel-job.jp/detail/aichi/ct_105/4503143/,
sewa-2026021201,JRN11rGeFdR4x2hMpSC8,ベッセル名古屋/技人国/フロント日勤,Active,,Full-time,試用期間6カ月（条件は本採用と同じ）,愛知県,"ベッセルホテルカンパーナ名古屋
〒450-0002
愛知県名古屋市中村区名駅２丁目３０－７ベッセルホテルカンパーナ名古屋",,"月給 22万円～25万円
(一律手当を含む)

スタート時基本給　22万2000円～＋諸手当
手当含み月収20万円以上可能

【役職手当】
■サブチーフ3000円
■チーフ5000円
■副支配人6万5000円
■支配人12万円
〇賞与あり

交通費： 交通費支給

片道2km以上で最高支給額
月2万2000円まで
（当社規定による）","【日勤のみ】【賞与年2回・昇給あり】【転勤なし】カイゼン提案やお客様の評価でインセンティブも！
■フロントスタッフはホテルの『顔』。一人でも多くの笑顔に会えるよう、お客様第一の対応をお願いします！

【応募大歓迎】×【未経験OK】

＜ホテルでフロントのお仕事！＞
お任せするのは、
■チェックイン・チェックアウトの
　手続きやご案内
■宿泊予約・電話の受付
■データの入力・管理
■朝食準備
■リネンクリーニング
などをお願いします！

★ホテル業経験者には、予約サイト対応などもおまかせします。

★イベント企画などホテルの運営に幅広く携われます！
■□転居を伴う転勤なし！名古屋で腰を据えて働きたい方大歓迎！U・Iターンもお待ちしています！
◆出産・育児休暇の取得実績もあり◎
仕事とプライベートを無理なく両立できるようフォローしていきますよ。

◆年1回リフレッシュ休暇(長期休暇)あり！
原則勤務は日勤だけなので
生活リズムも整います！
希望休も提出可能！

★採用HPもご覧ください★
→https://vessel-group.co.jp/saiyo_chiiki/
■□仕事は実際に業務をこなして覚えていきましょう！一通りの業務は1ヶ月程度あれば覚えられますよ。
ホテルでの勤務経験や、接客の経験のある方はもちろん、未経験からチャレンジしたい方も大歓迎！

将来的に転勤して全国で活躍したい方、外国語のスキルを活かしたい方も歓迎します。

もちろん支配人や副支配人といった管理職も目指したい方の挑戦もお待ちしています！
★入社2年で支配人への登用実績も★
■□全国で【ベッセルホテルズ】を運営する安定企業です。
◎転勤なしの地域正社員
◎社長まで意見が届くカイゼン制度
（インセンティブ有）
◎お客様評価によるインセンティブ支給
◎社員間でホメあうコミュニケーションツール
　『HOMETE』
◎各種報奨金制度（例：資格取得報奨金/
　英検3級取得で3万円支給など）","求める人材

※外国人の方は「日本語レベルJLPTN2以上必須」
定年　60歳
""年齢不問""
""高校卒業以上""
""経験不問""
""未経験者可""
""未経験者歓迎""
""経験者歓迎""
""長期できる方""
""ブランクOK""
""第二新卒歓迎""
""中途入社50％以上""
""女性が活躍中""
""女性管理職登用あり""
""ノルマなし""","シフト制

実働時間：8時間/日

平均勤務日数：1ヶ月あたり21日

勤務曜日：月・火・水・木・金・土・日・祝

注釈内容については勤務時間補足を参照下さい。

勤務時間
[1] 07:00～16:00
[2] 12:00～21:00
【シフトの決め方】

シフトサイクル：1ヶ月

【勤務時間 補足】

休憩1時間。残業少なめです。","リフレッシュ休暇取得制度あり
（年1回5日以上の連続休暇）
取得実績100%！
希望休申請可能です。
6ヶ月経過後の年次有給休暇日数　10日
年間休日　107日（月8日～9日）
育休あり",あり（少なめ）,健康保険・厚生年金保険・雇用保険・労災保険,"・駅近5分以内
・研修あり
・社割あり
・インセンティブあり
・社会保険完備
（雇用保険、労災保険、厚生年金、健康保険）
・定期健康診断
・退職金制度あり（勤続3年以上）
・資格取得支援
　例　英検3級取得で3万円！",,"日本語
英語での日常会話",,,,2026-03-31,,,書類選考→面接（勤務地にて）→採用,,,,,,,,,,https://vessel-hotel-job.jp/detail/aichi/ct_105/3729644/,
sewa-2026021003,DMySv8IcIdsAsul5feim,コレクティブ/技能/料理人,Active,,Full-time,,沖縄県,"ホテルコレクティブ
沖縄県那覇市松尾2丁目5番7号",,"月給 195,763～330,650円

※調理師免許取得者は、別途1万円/月　支給あり
※固定残業15h含む。超過分は別途全額支給
※経験・能力を考慮の上、当社規定により優遇いたします
※試用期間3カ月あり

一般職　　　　　年収263万～312万円
主任～課長代理　年収330万～447万円
課長～部長代理　年収464万～600万円

賞与：業績により支給(2024年支給実績は、2回計約2か月)

昇給：年1回(人事考課により)","募集職種：中国料理　調理スタッフ
仕事内容：
・中国料理の調理業務
・宴会で提供する料理の調理業務

-----------------------------
ホテル内3階の本格中国料理を提供している『居易園(キョイエン)』。
調理師を募集しております✨

業務内容は、レストランや宴会で提供する料理の調理業務です。

🍴ランチとディナーの営業です。
　・アラカルト・コース・飲茶食べ放題など

年齢層も幅広く、男性も女性も在籍中
⇒新卒入社の高卒・専門学校卒の未経験スタッフから
　業界歴の長い経験知識豊富なシェフまで、様々なスタッフが活躍しています。
　ご経験に合わせたお仕事からお任せいたします♪

ホテルでの調理経験のある方はもちろん、
・調理経験者でホテルでの勤務が初めての方、
・調理師学校を卒業し、別の職種に就いた後、チャレンジしたい方、
・調理経験はあるがブランクがあり心配…という方も!

ぜひお気軽にお問い合わせください!

応募を検討される方は、ホテル見学も随時行っております。
人事スタッフにて館内をご案内いたしますので、
実際の現場の雰囲気をぜひご覧ください。","●高卒以上

【優遇】
・調理師免許をお持ちの方は、1万円/月 支給がございます。
・業界経験のある方
※調理師免許は必須ではございません。ご経験のある方は、是非お気軽にお問い合わせください。

◎心身ともに健康で協調性のある方

中国料理の調理経験がある方はもちろんですが、
「中国料理の経験はないが調理経験がある。」
「ブランクがある。」
「経験はあるが調理師免許は持っていない。」
「調理師免許は持っているが、経験が少ない。」
「ホテルでの経験はないが、チャレンジしてみたい。」
と言う方も、まずはお問い合わせいただけますと幸いです。",9:30～21:30(内実働8h・休憩1h),"シフト制で月平均9日(年間108日)、有給休暇10日～(入社6か月後)

その他
産前産後休暇・育児休暇・介護休暇・慶弔休暇・特別休暇等",,各種社会保険完備(健康、厚生年金、雇用、労災),"社員食堂完備(ビュッフェ形式1食100円)
レストラン&バー利用割引き50%(規定あり)
退職金制度あり

マイカー、バイク、自転車通勤可
通勤手当支給(上限25,000円、規定あり)

【アピールポイント】
■昇給・賞与あり　業績により支給(2024年支給実績は、2回計約2か月)
■アクセス良好　　国際通り沿いバス停は≪ホテルコレクティブ前≫
■社員食堂完備　　(ビュッフェ形式 / 1食100円)
■休暇　　　　　　月平均9日(年間108日)、有給休暇10日～(入社6か月後)
　　　　　　　　　その他にも産前産後休暇・育児休暇・慶弔休暇・その他",,,,,,2026-03-31,,,,,,,,,,,,,https://www.jobantenna.jp/at/294896/offer/310992/,
sewa-2026021002,DMySv8IcIdsAsul5feim,コレクティブ/技人国/フロント,Active,,Full-time,無期限（試用期間3カ月）,沖縄県,"ホテルコレクティブ
沖縄県那覇市松尾2丁目5番7号",,"月給 195,763～252,510円
※固定残業15h含む。超過分は別途全額支給。
※経験・能力を考慮の上、当社規定により優遇いたします。
※試用期間3カ月あり。(期間中、給与は同じです。)

一般職　　　　　年収270万～315万円
主任～課長代理　年収330万～463万円
課長～部長代理　年収464万～624万円


賞与：業績により支給(2024年支給実績は、2回計約2か月)
昇給：年1回(人事考課により)","・チェックイン&アウト対応ほかフロント業務全般
・ロビーサービス&客室案内、駐車場案内
-------------
ホテルコレクティブのフロントまたはゲストサービスとしてご活躍いただきます。

具体的な業務内容は下記の通りです。

・チェックイン&アウト対応ほかフロント業務全般
・ロビーサービス&客室案内、駐車場案内

スタッフの年齢層も幅広く、新卒で入社したスタッフや、サービス経験が豊富なスタッフなど、経歴も様々です。
経験者はもちろん、接客業未経験の方でも丁寧なサポートがありますので、安心です。
実際に未経験からスタートして活躍しているスタッフも在籍中!
(ご経験に応じて優遇いたします。)

▼現在働いているスタッフの声
・団体のゲストを皆で協力しスムーズにご案内出来て嬉しかった。
・ゲストからありがとうと言われることが増えた。
・メンバー(スタッフ)が優しいので楽しく仕事ができている。
・おすすめのお店を紹介し、実際に行って良かったとコメントをいただいて嬉しかった。
・スタッフ間の関係性が良いので仕事が楽しい。
・何かあったら周りが(スタッフ同士)助けてくれる。
・ゲストからグッドコメントをいただいて嬉しかった。

ご宿泊のお客様だけではなく、地元のお客様も多くいらっしゃいます。
様々なシーンに合わせて接客のスキルも身につけることができます。

仲間と協力して、お客様により良い時間を提供するやりがいのあるお仕事です。
共に成長できる仲間を、心よりお待ちしています。

※外国籍の方は、JLPT N2以上が書類選考通過の基準です。","・未経験者歓迎
・経験者優遇(接客業・ホテル経験者)
・心身ともに健康で協調性のある方",24時間のうち実働8時間(シフト制),"シフト制で月平均9日(年間108日)、有給休暇10日～(入社6か月後)

その他
産前産後休暇・育児休暇・介護休暇・慶弔休暇・特別休暇等",,各種社会保険完備 ( 健康、厚生年金、雇用、労災 ),"マイカー、バイク、自転車通勤可
通勤手当支給(上限25,000円、規定あり)


・ユニフォーム貸与
・ 社員食堂完備 ( 人気のビュッフェ形式1食なんと100円! )
・レストラン&バー利用割引き50% ( 規定あり )
・退職金制度あり
・寮あり（自己負担金額：2万円（光熱費等を自己負担））

【アピールポイント】
■昇給・賞与あり　業績により支給(2024年支給実績は、2回計約2か月)
■アクセス良好　　国際通り沿いバス停は≪ホテルコレクティブ前≫
■社員食堂完備　　ビュッフェ形式 / 1食100円
■休暇　　　　　　月平均9日(年間108日)、有給休暇10日～(入社6か月後)
　　　　　　　　　その他にも産前産後休暇・育児休暇・慶弔休暇・その他",,"・N2以上
・英語は話せれば尚良し",,,,2026-03-31,,,,,,,,,,,,,https://www.jobantenna.jp/at/294896/offer/311468/,
sewa-2026021001,DMySv8IcIdsAsul5feim,コレクティブ/特定技能外食/レストランサービス,Active,,Full-time,,沖縄県,"ホテルコレクティブ
沖縄県那覇市松尾2丁目5番7号",,"月給 195,763～252,510円
※固定残業15h含む。超過分は別途全額支給。
※経験・能力を考慮の上、当社規定により優遇いたします。
※試用期間3カ月あり。(期間中、給与は同じです。)

モデル年収：
一般職　　　　　年収270万～315万円
主任～課長代理　年収330万～463万円
課長～部長代理　年収464万～624万円


業績により支給(2024年度支給実績は、2回計約2か月)

昇給年1回（人事考課により）","募集職種：オールデイダイニングレストランサービス/ホテルコレクティブ

仕事の内容：
・オープン準備
・営業中のご案内、オーダーテイク、お料理やお飲み物の提供
・片付けや在庫管理

-------------------------
ホテル内4階 オールデイダイニングで働くスタッフを募集しております!

スタッフの年齢層も幅広く、新卒で入社したスタッフや、サービス経験が豊富なスタッフなど、経歴も様々です。
経験者のはもちろん、接客業未経験の方でも丁寧なサポートがありますので、安心です。
実際に未経験からスタートして活躍しているスタッフも在籍中!
(ご経験に応じて優遇いたします。)

▼現在働いているスタッフの声
・リピーターのお客様との会話が楽しい。
・お客様からお褒めの言葉をいただくこともあり、やりがいに繋がる。
・サービススタッフ間のコミュニケーションが良好。
・できないことができるようになって嬉しかった。

ご宿泊のお客様だけではなく、地元のお客様も多くいらっしゃいます。
様々なシーンに合わせて接客のスキルも身につけることができます。

▼実際にお客様からいただいたお言葉
・○○さんの接客がとても良かった。
・細やかな心遣いのおかげで良い時間を過ごすことができました。
・顔を覚えていてくれて嬉しかった。(リピーターのお客様)

仲間と協力して、お客様により良い時間を提供するやりがいのあるお仕事です。
共に成長できる仲間を、心よりお待ちしています。","求める人材
・未経験者歓迎
・経験者優遇(飲食業・接客業・ホテル経験者)
・心身ともに健康で協調性のある方","5:00～22:00のうち実働8時間(シフト制)
朝食・ランチ・ディナーに合わせてシフトを組みます。","・シフト制で月平均9日 ( 年間108日 )
・有給休暇10日～ ( 入社6か月後 )

その他
産前産後休暇・育児休暇・介護休暇・慶弔休暇・特別休暇等",,各種社会保険完備 ( 健康、厚生年金、雇用、労災 ),"マイカー、バイク、自転車通勤可
通勤手当支給(上限25,000円、規定あり)

・ユニフォーム貸与
・ 社員食堂完備 ( 人気のビュッフェ形式1食なんと100円! )
・レストラン&バー利用割引き50% ( 規定あり )
・退職金制度あり
・寮あり（自己負担金額：2万円（光熱費等を自己負担））

■昇給・賞与あり　業績により支給(2024年支給実績は、2回計約2か月)
■アクセス良好　　国際通り沿いバス停は≪ホテルコレクティブ前≫
■社員食堂完備　　ビュッフェ形式 / 1食100円
■休暇　　　　　　月平均9日(年間108日)、有給休暇10日～(入社6か月後)
　　　　　　　　　その他にも産前産後休暇・育児休暇・慶弔休暇・その他",,N2（日本語が上手であればOK）,,,,2026-03-31,,,,,,,,,,,,,https://www.jobantenna.jp/at/294896/offer/311213/,
sewa-2026020901,uIKmN12QgksqF2nmQE2m,スギノマシン/技人国/総務人事,Active,"受入企業からのメッセージ：

私たちは、「切る」「削る」「洗う」「磨く」「砕く」「解す」の6つの超技術をコアな技術としており、
社内一貫体制の開発・製造・販売・アフターサービス体制を武器に、国内外問わず様々な業種・業界の顧客形成を実現しております。（取引先は約5,000社程です。）
一緒に働くスタッフは11名（女性：6名、男性5名）、年齢は20代～50代.
業務は、先輩がサポートしながらOJT研修で覚えていただきます。
困ったことや、こういう時はどういう対応が1番いいのだろう・・・など、疑問に思ったことやわからないことなどは1人で悩まずに、遠慮せずに聞いて、解決してくださいね！
先輩が近くにいるので、安心してお仕事ができる環境です。
その他の教育制度とて、「社外セミナー」「階層別教育」「SD制度」「職場ぐるみ研修」などが整っていますので、
知識や技術は入社してからもしっかり学べる環境があります。",Full-time,無期（試用期間6カ月）,富山県,"本社
富山県滑川市栗山2880
※マイカー通勤可能です

勤務地の変更の範囲：【変更の範囲：会社の定める事業所（リモートワーク含む）】",,"430～500万円
月収238.000～260.000円
通勤手当：有（上限50.000円）
残業手当：実残業時間と連動
昇給：有（※年1回（4月）※2025年度実績：16,100円　※個人評価によって変動）
賞与：有（※年2回（6月・12月）※2025年度実績：計4.98月分　※業績と個人評価によって変動）
退職金：無（※確定給付企業年金／確定拠出年金あり：勤続3年以上）
寮・社宅：有（※社宅：月約13,000円、借上社宅制度：最初5年間自己負担13％）","創業以来赤字なしの安定経営の当社での、総務人事業務をお願いします。
業務内容としてはいろいろありますが、下記の中からあなたの適性を見ながら業務をお任せします。
会社全体を支える＜縁の下の力持ち＞として、活躍をお願いします！
★これまでの経験や希望をふまえて一緒に決めていきます。
・総務業務：備品管理、社内行事の企画・運営、社内環境の整備
・採用業務：新卒・中途採用の企画運営、説明会・面接対応
・教育研修：新入社員研修、階層別研修の企画運営、自己啓発支援
・人事制度：人事制度の設計・改善、運用フローの整備
・労務業務：勤怠、給与、社会保険手続き、産休育休務対応、福利厚生の運用　ほか","【必須条件】
・大学院、大学、短期大学、専修・各種学校、高等専門学校　卒業以上
・普通自動車第一種運転免許をお持ちの方
・日本語能力試験N2レベル以上（会話N1相当レベル）
・インドネシア語通訳業務あるため、インドネシア語ネイティブであること
【歓迎条件】
・英会話　ネイティブレベル","8：00～17：00
休憩60分
1日の所定労働時間数：8時間","年間休日：122日
年間有給休暇：10日～20日
休日形態：完全週休2日制（土日祝）
コメント：
※年間有給休暇の下限日数は、入社半年経過後の付与日数となります。
※年間有給は、入社時に5日、入社6ヶ月経過後に5日付与、最大20日となります。
※特別有給、当社暦によるGW/夏季/年末年始休暇、リフレッシュ休暇有",有（月18時間程度）,厚生年金・雇用保険・健康保険・労災保険,"■60歳定年：再雇用制度あり　■社外セミナー、階層別教育、SD制度、職場ぐるみ研修など教育制度あり　■地域手当　■家族手当
■社員持株会　■団体生命保険制度　■慶弔見舞金制度　■自動車購入紹介制度　■育児・介護・看護休業（男女ともに取得実績あり）
■各種スポーツ大会（任意参加）　■作業着貸与",屋内禁煙,"日本語能力試験N2レベル以上（会話N1相当レベル）
インドネシア語通訳業務あるため、インドネシア語ネイティブであること",,,,,,,面接2回（WEB面接 →対面面接）,,,,,,,,,,,
sewa-2026013002,7AYvO3ztEz33fEzNyAtw,ヒルトンお台場/技人国/【キャリア採用】ゲストサービススタッフ,Active,,Full-time,無期限（試用期間3カ月）,東京都,"ヒルトン東京お台場
[住所]
東京都港区台場1-9-1
※業務上必要がある場合、随時勤務場所または業務内容を変更する可能性があります。
　また、会社の要請により他ホテルへ出向をお願いする場合がございます。",,"月給28.2万円～33.2万円
交通費：全額支給

・片道100km圏内まで

※能力・経験を考慮の上、決定いたします。
※残業手当は別途全額支給いたします。

＜年収例＞
・年収514万円／月給28.2万円＋残業手当(30時間分)＋賞与年2回
・年収605万円／月給33.2万円＋残業手当(30時間分)＋賞与年2回

●昇給あり（年1回）
●賞与あり（原則年2回/業績連動型）
※2024年度3.4ヶ月支給実績

●給与支払い方法：月1回

●試用期間3ヶ月あり/同条件
試用期間：あり

月給28.2万円〜33.2万円

試用期間3ヶ月あり/同条件","職種：案内(インフォメーション/レセプション)・フロント、サービスその他

ヒルトン東京お台場でのゲストサービス（ベル、ドアスタッフ）業務をお任せします。

＜具体的には…＞
・現場インチャージ業務
・シフト作成業務
・ゲストのお出迎え、お見送り
・VIPゲストが到着する際のお出迎え
・お客様の車が到着した際の誘導
・お荷物のお預かり、受け渡し
・お荷物等、お部屋までお届け
・館内、周辺のご案内（予約の手配など）
・インフォメーション業務
・関連部署との連携業務
…など","【学歴不問】
・ホテル（宿泊部）就労経験：5年以上
・英語力（日常会話レベル）※目安としてTOEIC500点以上

★ゲストサービスまたはフロントデスクの経験者優遇！
★外資系ホテルなどでの勤務経験がある方は特に大歓迎！","07:00～15:30、15:00～23:30、23:00～07:30
●1日7.5時間以上

＜シフト例＞
●朝～夕方
●昼～夜
●夜～朝
※一日の所定労働時間を7.5時間とし、
　シフト表にて決定します。
※夜勤あり","交代制

●シフト制
●年間公休日111日(月9～10日程度)
●誕生日休暇",あり,,,,・英語力（日常会話レベル）※目安としてTOEIC500点以上,,,,,,,,,,,,,,,,,,
sewa-2026013001,7AYvO3ztEz33fEzNyAtw,ヒルトンお台場/技人国/【キャリア採用】ホテル宿泊部 アシスタントマネージャー職,Active,,Full-time,無期,東京都,"ヒルトン東京お台場
[住所]
東京都港区台場1-9-1
※業務上必要がある場合、随時勤務場所または業務内容を変更する可能性があります。
　また、会社の要請により他ホテルへ出向をお願いする場合がございます。",,"月給28.2万円～35万円
交通費：全額支給

・片道100km圏内まで

●昇給あり（年1回）
●賞与あり（原則年2回/業績連動型）
※2024年度3.4ヶ月支給実績

●給与支払い方法：月1回

●試用期間3ヶ月あり/同条件
試用期間：あり

月給28.2万円〜35万円

試用期間3ヶ月あり/同条件","職種：店長・マネージャー候補(サービス)、案内(インフォメーション/レセプション)・フロント、サービスその他
――――――――――――――
ホテル宿泊部
アシスタントマネージャー職
――――――――――――――

ヒルトン東京お台場の宿泊部での管理業務をお任せします。

※フロントデスク、ゲストサービス、エグゼクティブラウンジのいずれかへの配属となります（本人の意向も含めて、配属先は考慮します）

＜具体的には…＞
・予約管理
・ゲストへの接客対応
・トラブルやクレームへの対処
・スタッフ教育、管理、指示出し
・現場マネジメント
など

まずは補佐業務からお任せします。
ゆくゆくはマネージャーを目指せます！
経験者は即戦力として活躍できます◎","＜必須スキル＞
・ホテルの宿泊部門での勤務経験5年以上の方
・パソコンの基本操作や、ExcelやWordをスムーズに使用できる方
・英語力のある方（目安としてTOEIC500点以上）

＼ こんな方はさらに大歓迎!! ／
・ホテルの宿泊部門などでの管理/マネジメント経験がある方
・ホテル支配人、副支配人、部長、マネージャーなどの管理職経験がある方","00:00～00:00
●1日7.5時間以上
※一日の所定労働時間を7.5時間とし、
　シフト表にて決定します

＜勤務時間例＞
▼フロントデスク/ゲストサービス
・7:00～15:30
・15:00～23:30
・23:00～翌7:30
など

▼エグゼクティブラウンジ
・6:00～14:30
・10:00～18:30
・13:30～22:00
など","交代制
●シフト制
●年間公休日111日(月9～10日程度)
●誕生日休暇",,,"●交通費支給あり
●賞与：原則年2回（業績連動型）2024年度3.4ヶ月支給実績
●昇給：年1回（4月）
●ヒルトングループ 宿泊・レストラン社員割引あり
●HMJグループ 宿泊・レストラン社員割引あり
●従業員食堂 ２食 無償提供
●不動産紹介制度
●社員会イベント（BBQパーティー、社員パーティー、スポーツ大会、屋形船体験など）
●Bリーグ アルバルク東京 試合観戦
●サークル活動支援制度（野球部、ゴルフ部）
●近隣商業施設利用割引
●退職金制度(確定拠出型年金制度)
●資格取得支援制度

【教育制度】
●ヒルトン F＆B Master（ソムリエ・バーテンダー・バリスタ・フォト）
●ヒルトン オンライン トレーニング
●English トレーニング
●グループホテル内クロストレーニング
●新メニュートレーニング
●マネジメントトレーニングプログラム
●HMJチャレンジキャリアプログラム
●役職別研修
●グループホテル外ブランドホテル研修
●メンターメンティー制度
●ハラスメント研修
●普通救命講習
●衛生講習会",,・英語力のある方（目安としてTOEIC500点以上）,,,,,,,,,,,,,,,,,,
sewa-2026012901,7AYvO3ztEz33fEzNyAtw,ヒルトンお台場/技人国/【キャリア採用】フロントデスク,Active,,Full-time,無期,東京都,"ヒルトン東京お台場
東京都港区  ⁄  台場駅 (徒歩 1分)

住所：東京都港区台場1-9-1

※業務上必要がある場合、随時勤務場所または業務内容を変更する可能性があります。
　また、会社の要請により他ホテルへ出向をお願いする場合がございます。",,"月給28.2万円～33.2万円
交通費：全額支給
・片道100km圏内まで

※能力・経験を考慮の上、決定いたします。
※残業手当は別途全額支給いたします。

＜年収例＞
・年収514万円／月給28.2万円＋残業手当(30時間分)＋賞与年2回
・年収605万円／月給33.2万円＋残業手当(30時間分)＋賞与年2回

●昇給あり（年1回）
●賞与あり（原則年2回/業績連動型）
※2024年度3.4ヶ月支給実績

●給与支払い方法：月1回

●試用期間3ヶ月あり/同条件
試用期間：あり

月給28.2万円〜33.2万円

試用期間3ヶ月あり/同条件","【キャリア採用】フロントデスク（フロントスタッフ）
職種：案内(インフォメーション/レセプション)・フロント

ヒルトン東京お台場でのフロント業務をお任せします。

＜具体的には…＞
・現場インチャージ業務
・シフト作成業務
・若手スタッフ育成業務
・キャッシャー業務
・インフォメーション業務
・関連部署との連携業務　（予約課、レストラン、ハウスキーピング）
・滞在ゲストへの各種問い合わせ対応
・フロント部門で使用の備品や消耗品類の在庫管理、発注業務
・ルームアサイン業務
・セーフティボックス管理
・アップセルやヒルトン会員の入会獲得会員登録による売上収益向上
…など","【学歴不問】
・ホテル（宿泊部）就労経験：5年以上
・英語力（日常会話レベル）※目安としてTOEIC500点以上

★ゲストサービスまたはフロントデスクの経験者優遇！
★外資系ホテルなどでの勤務経験がある方は特に大歓迎！","07:00～15:30、15:00～23:30、23:00～07:30
●1日7.5時間以上

＜シフト例＞
●朝～夕方
●昼～夜
●夜～朝
※一日の所定労働時間を7.5時間とし、
　シフト表にて決定します。
※夜勤あり","交代制
●シフト制
●年間公休日111日(月9～10日程度)
●誕生日休暇",あり,,"●交通費支給あり
●賞与：原則年2回（業績連動型）2024年度3.4ヶ月支給実績
●昇給：年1回（4月）
●ヒルトングループ 宿泊・レストラン社員割引あり
●HMJグループ 宿泊・レストラン社員割引あり
●従業員食堂 ２食 無償提供
●不動産紹介制度
●社員会イベント（BBQパーティー、社員パーティー、スポーツ大会、屋形船体験など）
●Bリーグ アルバルク東京 試合観戦
●サークル活動支援制度（野球部、ゴルフ部）
●近隣商業施設利用割引
●退職金制度(確定拠出型年金制度)
●資格取得支援制度

【教育制度】
●ヒルトン F＆B Master（ソムリエ・バーテンダー・バリスタ・フォト）
●ヒルトン オンライン トレーニング
●English トレーニング
●グループホテル内クロストレーニング
●新メニュートレーニング
●マネジメントトレーニングプログラム
●HMJチャレンジキャリアプログラム
●役職別研修
●グループホテル外ブランドホテル研修
●メンターメンティー制度
●ハラスメント研修
●普通救命講習
●衛生講習会",,・英語力（日常会話レベル）※目安としてTOEIC500点以上,,,,2026-03-31,,,書類選考→面接2回,,,,,,,,,,,
sewa-2026012802,hQ7aGoty6OjL9e3MtUHp,三高/技人国/インドネシア語通訳・営業サポート,Active,-,Full-time,試用期間3ヶ月あり,沖縄県,"沖縄県糸満市西崎町4-17-10
埼玉県（在宅勤務が基本｜必要に応じて関東圏での通訳対応あり）",,"月給200,000円～250,000円 
・経験・能力を考慮の上、決定  
・試用期間3ヶ月あり  
・初年度モデル年収: 240万円～330万円  
・賞与: 年2回（人事評価制度による）","日本で就労するインドネシア人特定技能実習生のサポートを主に担当していただきます。 
 ・インドネシア語の通訳業務  
・既存取引先および特定技能外国人へのサポート  
・各種申請書類の入力、スケジュール管理  
・企業と実習生間の通訳、問い合わせ対応  
・健康診断や病院受診時の付き添い  
・面接の立ち会い、空港への出迎えなどの現場対応","・ 越境可・在留可 
・日本語能力試験N2以上  
・インドネシア語が堪能な方  
・明るく、積極的にコミュニケーションが取れる方 
 
【歓迎条件】 
・人材派遣の営業経験  
・特定技能や技能実習に関する知識・経験",8:00～17:00,週休2日制、祝祭日,,各種社会保険完備（雇用、労災、健康、厚生年金）,"交通費支給（社内規定あり）  
マイカー通勤可（無料駐車場完備）  
退職金制度  
社員割引制度  
充実した研修制度 
産休・育休取得実績あり ",-,"・日本語能力試験N2以上  
・インドネシア語が堪能な方",,,,,,-,"書類選考 
一次面接 
最終面接 ",,,,,,,,,,,
sewa-2026012801,MDtQsyR6aRXjAy5bfGRJ,日本ホテル/特定技能（宿泊）/契約社員フロント,Active,,Contract,期間の定めあり（契約社員）,"東京都,埼玉県,神奈川県,静岡県","・ホテルメトロポリタン（池袋）
・ホテルメトロポリタン エドモント（飯田橋）
・ホテルメトロポリタン 丸の内（東京）
・ホテルメトロポリタン さいたま新都心（さいたま新都心）
・ホテルメトロポリタン 川崎（川崎）
・ホテルメトロポリタン 鎌倉（鎌倉）
・ホテルメトロポリタン 羽田（天空橋）
・東京ステーションホテル（東京）
・メズム東京、オートグラフコレクション（浜松町）
・JR東日本ホテルメッツ（都内ほか）",,"1時間1.374円
基本給：月給224.000円
交通費手当：有（1カ月あたり100.000円限度）
固定残業代：無
食事手当：有（12.000円※目安）
総支給：236.000円
税金・社会保険料=控除合計41,260円　※目安
目安となる手取り額194,740円　※目安
昇給：無（契約社員は原則として昇給はありません）
賞与：有（会社の業績に応じて支給することがある）","◎ロビーサービス業務（館内やホテル周辺のご案内、お客様の荷物管理など）
◎チェックイン・チェックアウト業務 ◎宿泊予約受付業務 ◎電話応対 ","日本語N2（日常会話レベル以上）
・多言語話者必須(いずれかに当てはまる場合のみ応募可能)
　①英語話者　②中国語話者(北京語・広東語・台湾語の中から2つ理解できる方)
・カタカナとひらがなの理解ができる方
・基本的な読み書きができる方","9:00-17:40 他
休憩60分
シフト制
労働日数：月20～23日（年255日）","月8～10日
年間合計休日110日",有（1カ月あたり10時間程度）,雇用保険、労災保険、厚生年金、健康保険,,屋内の受動喫煙対策：屋内原則禁煙（喫煙専用室設置）,応募資格と同様,,,,,,,"直接（対面）orオンライン1～2回
面接官による質問に答える（適性試験は無し）",,,,,,,,,,,
sewa-2026012605,Ad1cWrnnDhw3VLYCWDm9,アルパイン/契約社員/ツアー企画他,Active,,Contract,使用期間3カ月※条件の変更なし,千葉県,"千葉県四街道市大日420-3
八洲ビル2階",,"22万円～24万円
※経験・資格や面接の評価によって変動します","職種：企画・事務・管理 - Planning, Admin., and Management

■業務内容
インバウンドトラベル事業業務全般
ツアーの企画や海外の会社との調整業務をお任せします！","・欧米出身の方
・英語が話せる方
・日本語力N2以上の方","9：00～18：00の間で原則8時間　　　　　　　　　
1ヶ月単位の変形労働時間制／週所定労働時間40時間","週休2日制・月間9日～10日　　
※年間休日127日（2024年）",,健康保険、厚生年金、雇用保険、労災保険,"【加入保険】健康保険、厚生年金、雇用保険、労災保険
【退職金】　無　",社内禁煙,"・英語が話せる方
・日本語力N2以上の方",,,,,,,"書類選考→面接2回
※状況によって変わります。",,,,,,,,,,,
sewa-2026012604,uIKmN12QgksqF2nmQE2m,直島文化村/技人国/フロント,Active,,Full-time,無期限（使用期間3カ月）,香川県,"ベネッセハウス（Benesse House）
香川県香川郡直島町364‐1",,"予定年収342～497万円
予定年収計算式：
（228,000～331,500）×12ヵ月＋賞与（基本給の約3ヵ月）＝3,420,000円～4,972,500円　※賞与変動あり
月給228.000～331.500円※大卒以上、職歴によって変動

残業手当制度：①実残業時間と連動

昇給年1回
賞与年2回※会社業績、個人評価によって変動あり。","ホテルのフロント業務全般
・チェックイン、チェックアウト業務
・各種問合せ対応、案内
・予約受付業務
・ベル業務
・客室管理
・レストランのサービスの一部　など","【必須要件】
　・協調性のある方
　・コミュニケーション力のある方　※目安日本語能力試験N２レベル
　・シフト制、夜間勤務など、ホテルの勤務体系に理解のある方
　・英語でのコミュニケーションが可能な方。※意思疎通がちゃんとできるレベル
【歓迎要件】
　・接客経験のある方","6：00～15：00
休憩60分
1日の所定労働時間：8時間

勤務時間帯・所定労働時間は標準的な勤務の一例です
■勤務時間：実働8時間のシフト制（休憩有り）
（例）6:00～15:00／8:00～17:00／12:00～21:00／15:00～24:00/23:00～
8:00（休憩1時間）　など

シフト制：月9日間
※前月に休みの希望等を集約し、1ヶ月ごとのシフトを作成しています
・月単位変形労働時間　：172時間/月","年間休日：111日
年間有給休暇：10日～20日
・入社時点で有給休暇を付与。入社月により日数が違います。例、4月入社で、10日間付与。",有（月10～30時間）,厚生年金・雇用保険・健康保険・労災保険,"■寮あり：
・自己負担　8,000円/月
・水道費　2,800円/月
・電気・ガスは実費
・WIFF　付（本人負担なし）

社員寮・社宅
退職金制度（年金基金）
共済会
社員食堂（1食330円）
資格取得支援制度（受験料等 会社負担）
施設利用割引制度（ホテル宿泊、美術館鑑賞、レストラン・カフェ飲食、ショップ物販など）",屋内禁煙（喫煙可能場所あり）,"日本語：N2レベル
英語：意思疎通ができるレベル",,,,,,,面接2回（オンライン）,,,,,,,,,,,
sewa-2026012603,7DIXUKHWKoQCTp3wphz1,あわら温泉美松/特定技能/調理,Active,,Full-time,定年制度60歳（65歳まで雇用延長制度有）,福井県,"あわら温泉 美松
福井県あわら市舟津26-10",,"高卒初任給：190,000円〜
大卒初任給：210,000円～
中途採用(年齢、経歴に応じる):平均30,0000円～
諸手当：役職手当、通勤手当等

昇給：年1回（6月）
独自に構成した評価制度に基づき、頑張った人が頑張っただけ評価され、仕事をセーブしている人が不当な扱いを受けないようバランスを整えます。
弊社の評価制度は自身、同僚、上司、会社、第三機関の5ツールで評価したものを点数化し可視化するもので、この評価点数が翌年の給与水準に反映されます。
賞与：年2回（6月、12月）
給与は評価制度に基づいて変動しますが、賞与は小集団活動(プロジェクトチーム、以下PT)によって変動します。スタッフは全員何らかのPTに参加し半年間の成果を各PTごとに役員へ発表。成果が認められれば賞与がグンと上がります。","食材の宝庫である福井の味覚を存分に生かしお客様に届けるプロフェッショナル
フレンチに興味さえあればOK！
新しい価値観で旅館を次の時代へ推し進める変革の起点になろう！","未経験者OK
コミュニケーション力のある方
人と人の繋がりやチームワークを大切にできる方
やる気と情熱があればOK！
中途採用
希望の役職があればそれに応じて実技テストを行う","6時〜22時00分の間で実働8時間、シフト制
※ライフワークバランスを加味し決定します","完全週休2日制
年間休日数104日以上
休日数は月及び定められた休館日により異なる",,社会保険完備（雇用・労災・健康・厚生年金）,"ボーナス(年2回)、育休産休といった当たり前の制度だけではなく、美松にしかないオリジナルの制度を設けています。
① 社員寮完備
旅館から徒歩1分の所に社員寮を設けています。生活に必要な家電やWi-Fiも完備しており安心してお住みいただけます。短期での利用も可能です。
② 茶楽かぐや美松店　社員割引
1階をパブリックスペースとして開放しておりカフェを併設しているのが美松の特徴です。そのカフェをワンコインでご利用いただけます。
③ オレンジボックスや福人喜といった(株)大津屋様の店舗で使える社員割引
入社後専用のカードをお渡しし各店舗で提示頂くことで平均30%の割引(食料品)を受けることができます。
④ 親睦会、社員旅行の実施
隔年で親睦会と社員旅行を交互に実施しています。
2024年度　親睦会(敷地内で実施)
2025年度　社員旅行(沖縄2泊3日)
2026年度　親睦会(敷地内で実施)　予定
⑦全国の特定旅館で使える割引制度
熱海や黒川、指宿など行くにはちょっとが遠く移動のコストが掛かる温泉街へ気軽に訪れてもらえるよう、全国の旅館とタッグを組み美松のスタッフしか見ることのできない特別な宿泊料金を提示いただいています。友人やご家族との利用も可能です。
⑧ご家族は美松に半額で宿泊可能
就業においては家族の理解を得ること、そして何より家族が笑顔になる仕事をすることが大切だと考えています。自分が働いている場所はどんなところか是非見せてあげてください。家族も誇りを持ってもらえる仕事です。",,N2以上を希望だが、日本語レベルが高ければN3でもOK,,,,2026-03-31,,,,,,,,,新卒可・中途可,,,,,
sewa-2026012602,7DIXUKHWKoQCTp3wphz1,あわら温泉美松/特定技能/フロント・レストラン,Active,,Full-time,定年制度60歳（65歳まで雇用延長制度有）,福井県,"あわら温泉 美松
福井県あわら市舟津26-10",,"高卒初任給：190,000円〜
大卒初任給：210,000円～
中途採用(年齢、経歴に応じる):平均24,0000円～
諸手当：役職手当、通勤手当等

昇給：年1回（6月）
独自に構成した評価制度に基づき、頑張った人が頑張っただけ評価され、仕事をセーブしている人が不当な扱いを受けないようバランスを整えます。
弊社の評価制度は自身、同僚、上司、会社、第三機関の5ツールで評価したものを点数化し可視化するもので、この評価点数が翌年の給与水準に反映されます。

賞与：年2回（6月、12月）
給与は評価制度に基づいて変動しますが、賞与は小集団活動(プロジェクトチーム、以下PT)によって変動します。スタッフは全員何らかのPTに参加し半年間の成果を各PTごとに役員へ発表。成果が認められれば賞与がグンと上がります。","正に旅館の顔。「おもてなし」とは何かを常に考え行動するサービスのプロフェッショナル
笑顔と相手を思いやる気持ちさえあればOK！
最前線でお客様に感動をお届けするアクターです！","未経験者OK
コミュニケーション力のある方
人と人の繋がりやチームワークを大切にできる方
やる気と情熱があればOK！","6時〜22時00分の間で実働8時間、シフト制
※ライフワークバランスを加味し決定します","完全週休2日制
年間休日数104日以上
休日数は月及び定められた休館日により異なる",,社会保険完備（雇用・労災・健康・厚生年金）,"渡航費：企業負担（立て替えをして按分して支払い）
寮：あり　
ビザ申請費用：企業負担

ボーナス(年2回)、育休産休といった当たり前の制度だけではなく、美松にしかないオリジナルの制度を設けています。
① 社員寮完備
旅館から徒歩1分の所に社員寮を設けています。生活に必要な家電やWi-Fiも完備しており安心してお住みいただけます。短期での利用も可能です。
② 茶楽かぐや美松店　社員割引
1階をパブリックスペースとして開放しておりカフェを併設しているのが美松の特徴です。そのカフェをワンコインでご利用いただけます。
③ オレンジボックスや福人喜といった(株)大津屋様の店舗で使える社員割引
入社後専用のカードをお渡しし各店舗で提示頂くことで平均30%の割引(食料品)を受けることができます。
④ 親睦会、社員旅行の実施
隔年で親睦会と社員旅行を交互に実施しています。
2024年度　親睦会(敷地内で実施)
2025年度　社員旅行(沖縄2泊3日)
2026年度　親睦会(敷地内で実施)　予定
⑦全国の特定旅館で使える割引制度
熱海や黒川、指宿など行くにはちょっとが遠く移動のコストが掛かる温泉街へ気軽に訪れてもらえるよう、全国の旅館とタッグを組み美松のスタッフしか見ることのできない特別な宿泊料金を提示いただいています。友人やご家族との利用も可能です。
⑧ご家族は美松に半額で宿泊可能
就業においては家族の理解を得ること、そして何より家族が笑顔になる仕事をすることが大切だと考えています。自分が働いている場所はどんなところか是非見せてあげてください。家族も誇りを持ってもらえる仕事です。",,N2以上を希望だが、日本語レベルが高ければN3でもOK,,,,,,,,,,,,,新卒可・中途可,,,,,
sewa-2026012601,uIKmN12QgksqF2nmQE2m,カラカミ／ワーホリ／ホテルスタッフ（フロント・レストラン）,Active,,Contract,有期（1年）使用期間3カ月　※正社員登用まで1年毎の契約更新／契約期間は通算上限5年／長期就業を基本として、基本的に契約は自動的に更新となります。 ※正社員登用制度有／目安1年程度：経験やスキルにより異なります。1年以内での登用の場合もあります。,和歌山県,"南紀白浜温泉 ホテル川久：和歌山県西牟婁郡白浜町3745
白浜古賀の井 リゾート＆スパ：和歌山県西牟婁郡白浜町3212-1",,"予定年収　3.097.000円～3.352.000円
月給　186.400円～201.000円
通勤手当：有（上限50.000円／月）
残業手当制度：実残業時間と連動（全額支給）
昇給：年1回（4月）※社員登用後・人事評価制度による
賞与：社員登用後年2回（入社後6カ月以降より支給）※業績に連動（過去実績：給与1～2ヶ月）
退職金：有（社員登用後勤続5年以上）
寮・社宅：有（単身寮個室タイプ部屋代／月2万円程度","・チェックイン・チェックアウト業務
・電話対応
・館内外施設へのご案内
・駐車場へのご誘導
・宿泊中のお客様のご要望に応じたサービス提供
・食事会場でのお席への誘導
・ドリンクオーダー取り
・食器の片づけ　等",日本語能力試験N2レベル以上の日本語力がある方,"6：00～22：00（休憩60分）
1日の所定労働時間数：8時間

※担当業務により勤務時間が異なります
月間所定労働時間：172時間／1日所定労働時間：8時間　で勤務調整となります
※繁忙期は、部門を越えてホテル内各業務に携わっていただく可能性があります","年間休日107日
有給10～20日※初年度半年後
休日形態：週休2日制
月9日休／シフト制　※ただし2月のみ8日休み
※イベント等での出勤時は振休を取得いただきます。
【その他】年次有給休暇、慶弔休暇、介護休暇、産休育休、年次有給休暇積立制度 など",有（月30時間程度）,厚生年金・雇用保険・健康保険・労災保険,"社員宿泊割引制度（系列ホテルへ従業員及び家族は1泊3,000円～利用可能）、従業員食堂利用可、制服貸与、インフルエンザ予防接種全額補助、各種研修制度、表彰制度",屋内禁煙（喫煙可能場所あり）,日本語能力試験N2レベル以上の日本語力がある方,,,,,,,面接2回（オンライン面接）,,,,,,,,,,,
sewa-2026010108,ZB3YvLD8WNctQ0D6FOc9,-,Active,,Full-time,,,,,,,,,,,,,,,,,,,,,,,,,,,,,,,,
sewa-2026010107,9RU4DnbvoyedxjaVSAJ0,-,Active,,Full-time,,,,,,,,,,,,,,,,,,,,,,,,,,,,,,,,
sewa-2026010106,ruBxiXz8VIP2U3OKD595,-,Active,,Full-time,,,,,,,,,,,,,,,,,,,,,,,,,,,,,,,,
sewa-2026010105,EyNu8FRNntIYV4C7tHZR,カヤックボンド/技人国/エンジニア,Active,,Full-time,期間の定めなし（使用期間3カ月・延長の場合あり）,,,,"想定年収: 300万〜800万円 
＜年収例＞
410万円 /メンバー（月給30万円+賞与+諸手当）
530万円 /チームリーダー（月給40万円+賞与+諸手当）
715万円/グループリーダー（月給47万円+賞与+諸手当）

想定月給: 25万〜70万円
固定残業40時間（59,600円〜） 

賞与：なし
業績賞与：年1回（12月）
昇給年2回（6月・12月）
 評価制度：人事考課制度あり（正社員のみ）
雇用形態: 契約社員/正社員（試用期間3カ月・延長の場合あり）","◆サーバーサイド開発: 
主にPHPを用いたサーバーサイド開発（設計・開発・及び運用保守業務）
大型IPゲームタイトルの大規模案件から、BtoC向けシステムまで様々なジャンルでのノウハウがあり、経験者も豊富なため、当社が最も得意としている分野です。

◆クライアントサイド開発:
 ゲーム、ユーティリティ、医療系アプリ等の開発。技術選定・調査・サーバ連携時のAPI仕様策定など、クライアントサイド開発だけにとどまらず豊富な経験が可能。 

▼案件例:
・大規模ゲームAPI/管理機能などのサーバーサイド開発（11名体制/2年） 
・IP系位置情報を活用したゲームサーバサイド開発（4名体制/1年） 
・IP系ブラウザゲーム開発・運営（4名体制/運営7年※継続運営中）
・3DキャラクターAIチャットボットアプリ開発（4名体制/3年　初期開発1年・運営2年） 
・酪農向けIoTサービスアプリ開発（クライアントサイド＆サーバーサイド　4名体制/1.2年）
・AIプラットフォーム分散ストレージ+ブロックチェーンを利用したデータ管理サービスの改修（3名体制/6カ月）
・スポーツリーグサイトリニューアル開発（4名体制/8カ月）
・ゲームコミュニケーションツール開発（1名（SES契約）/11カ月）
・ウェアラブルグラスの集中力・判断力・創造性向上アプリ開発（1.5名/5カ月） 

技術スタック例:
使用言語: PHP, Java, Golang, JavaScript, CSS, HTML/HTML5 
フレームワーク: Laravel, Phalcon, FuelPHP, Slim, Unity 
データベース: MySQL
クラウドサービス:AWS, GCP, IIJ 
バージョン管理: Git, Subversion, Bitbucket
プロジェクト管理:Redmine, Backlog, Atlassian","必須条件: 
IT業界での開発実務経験2年以上（ゲーム・エンタメ業界実務経験未経験OK） 

歓迎条件:
以下のいずれか2年以上ある場合は優遇します
・PHPを用いた開発経験
・Unityを用いた開発経験
・ネイティブアプリ開発経験
・ハイブリッドアプリ開発経験 
・若手プログラマーの育成経験 
・日本語能力試験 N1",,,,,,,,,,,,,,書類選考→面接→内定→内定者面談→入社,,,,,,,,,,,
sewa-2026010104,IZ3ATmP8HfDmvY2biCJi,-,Active,,Full-time,,,,,,,,,,,,,,,,,,,,,,,,,,,,,,,,
sewa-2026010103,e1BanaAy0ndDIZb4zKrm,-,Active,,Full-time,,,,,,,,,,,,,,,,,,,,,,,,,,,,,,,,
sewa-2026010102,tYj1kjj7iGwt6WxzzhIb,調理師,Active,,Full-time,,,,,,,,,,,,,,,,,,,,,,,,,,,,,,,,
sewa-2026010101,AQCKda1X2bIScTu3LXid,プリンスホテル/技人国/フロント,Active,インバウンド増加に伴い,Full-time,無期限,,"◆北海道・東北
札幌プリンスホテル
屈斜路プリンスホテル
釧路プリンスホテル
富良野プリンスホテル
新富良野プリンスホテル
函館大沼プリンスホテル
十和田プリンスホテル
雫石プリンスホテル

◆東京
ザ・プリンスギャラリー 東京紀尾井町
ザ・プリンス パークタワー東京
ザ_プリンス さくらタワー東京
グランドプリンスホテル高輪
グランドプリンスホテル新高輪
高輪 花香路（グランドプリンスホテル高輪内）
東京プリンスホテル
品川プリンスホテル
新宿プリンスホテル
サンシャインシティプリンスホテル
東京ベイ潮見プリンスホテル
プリンス スマート イン 恵比寿

◆関東（東京以外）
川越プリンスホテル
中国割烹旅館 掬水亭
ザ・プリンス 箱根芦ノ湖
箱根湯の花プリンスホテル
箱根仙石原プリンスホテル
鎌倉プリンスホテル
新横浜プリンスホテル
大磯プリンスホテル
龍宮殿（箱根）
ホテルシーパラダイス イン

◆箱根・伊豆・静岡
下田プリンスホテル
伊豆長岡温泉 三養荘
川奈ホテル
プリンス スマート イン 熱海

◆長野・群馬・新潟
ザ・プリンス 軽井沢
ザ・プリンス ヴィラ軽井沢
軽井沢プリンスホテル イースト
軽井沢プリンスホテル ウエスト
軽井沢 浅間プリンスホテル
嬬恋プリンスホテル
万座プリンスホテル
万座高原ホテル
志賀高原プリンスホテル
苗場プリンスホテル

◆中部・近畿・中国
名古屋プリンスホテル スカイタワー
プリンス スマート イン 名古屋栄
びわ湖大津プリンスホテル
ザ・プリンス 京都宝ヶ池
ザ・ホテル青龍 京都清水
プリンス スマート イン 京都四条大宮
プリンス スマート イン 京都三条
グランドプリンスホテル大阪ベイ
プリンス スマート イン 大阪淀屋橋
グランドプリンスホテル広島

◆九州・沖縄
福岡プリンスホテル ももち浜（2026年3月開業予定）
プリンス スマート イン 博多
日南海岸 南郷プリンスホテル
プリンス スマート イン 宮崎
沖縄プリンスホテル オーシャンビューぎのわん
プリンス スマート イン 那覇",,"月給 20万円～32万円 
◆昇給あり 
◆通勤手当（全額支給） 
◆時間外手当 
◆深夜手当 
◆役職手当 
◆営業手当 
◆こども手当 
◆資格手当（最大5万円） 
年収 330万円～500万円 
スキル・経験を考慮の上、決定いたします。 
※時間外手当・通勤手当等は含んでおりません。","【フロントorクローク】 
チェックイン・アウト、お出迎えやお見送り担当 
【ハウスキーピング】 
客室の清掃・整備 
【予約管理】 
電話・WEBからの予約管理・プラン造成 
【マーケ・広報】 
企画立案・SNS運用・広報 
【管理or購買or経理】 
採用・労務の管理or物品・備品の調達業務・売り上げの確認・予算策定 
【レストランサービス】 
料理提供、会計業務など 
【調理業務】 
ホテル内のレストランで調理・メニュー企画を担当","必須 
▼JLPTN2以上保有 
歓迎 
◆チームで協力して業務を推進できる方 
◆コミュニケーションが得意な方 
◆明るく元気な対応ができる方 
◆旅やアウトドアが好きな方 
◆誰かに喜んでもらえる仕事をしたい方 
◆海外のお客様が多いため英語の使える方大歓迎です！","１ヵ月単位の変形労働時間制、所定労働時間 
週40時間、月所定公休日数９日 
早番：８:００～１７：００ 
日勤：１０:００～１９:００ 
遅番：１２：００～２１：００ 
当直：１６：００～翌朝１０：００ 
※上記は主なシフトです。宿泊状況を踏まえて決定。","月所定公休日数９日 
年間108日",-,健康保険 | 厚生年金 | 雇用保険 | 労災保険 ,"・社員割引制度 
・各種社会保険完備 
・育児、介護休業制度 
・カムバック制度 
・再就職支援制度 
・西武グループ関連施設割引制度 
・グループ保険 
・財形貯蓄制度　他 ",‐,"・日本語能力N2以上（ビジネスレベルの日本語会話能力） 
・日常会話レベルの英語（事業所によっては必須ではない）",,,,2026-03-31,,35歳未満（長期キャリア形成の為）,書類選考→面接2～3回→内定,,,,,,,,,,,
sewa-2025122901,MJ46RLJCaSpSzIWOESgk,マックイーン/技人国/販売,Active,"ケリングは、ラグジュアリーに対する大胆で枠にとらわれないビジョンの実現に挑戦しています。
ケリングが目指すのは、創造性、正統性、サステナビリティを兼ね備え、パワフルかつ独創的な作品を生み出すと共に、一人ひとりの個性の表現を可能にする
ラグジュアリーです。
・困難に対して果敢に立ち向かえますか？
・最後まで粘り強くやり遂げることができますか？
・高い倫理観を持ち、ラグジュアリー業界でキャリアを形成したいと考えていますか？
ケリングは、こうした方を心より歓迎します。
社員が成長し、その能力を最大限に発揮できる機会を提供するために、イマジネーションと創造力は不可欠です。
大胆な人材育成方針のもと、各ブランドとグループ本社で働く全社員の能力開発と満足度の向上に尽力しています。
多様性、平等、高いモビリティを柱とするケリングの人事制度は、社員が創造性を発揮、向上するために必要なツールや支援を提供しています。
ラグジュアリーへの深い情熱、変革を実現しようとするチャレンジ精神、ケリングと共に未来を創りたいという熱意に溢れた方を求めていますので、
世界で最も影響力のあるラグジュアリーグループの一員として、自分の強みを活かして一緒に働きませんか？",正社員,試用期間あり　3ヶ月（条件変更なし）,"東京都,静岡県","【急募】
静岡県御殿場市　御殿場プレミアム・アウトレット内（〒412-0023 静岡県御殿場市深沢１３１２ ウエストゾーン570区画）
【その他エリア】
東京都
有楽町／表参道／新宿",,"▼年収 3,000,000円 ～ 4,000,000円
・年俸制
・昇給あり（年1回）
・インセンティブあり
※業績・個人評価により決定","【業務内容】
・接客販売
・商品検品（商品入出荷管理）／品出し
・お包み／配送出し
・備品管理／顧客管理／在庫管理　など
・中国語、英語によるインバウンド対応","▼必須要件
・日本語能力N2以上
・中国語または英語が話せる方
・販売経験がある方（ファッション、シューズ、雑貨、コスメなどジャンルは問いません）
※学生様でもご応募可能です。

▼求める人柄
・コミュニケーションを楽しめる方
・協調性があり、前向きに業務に取り組める方
・向上心があり、粘り強く仕事に取り組むこと
・接客やファッションが好きな方
・コーディネートができるような方","9:30～20:30
■実働：7.5時間／休憩：90分
■シフト制","月8～10日

年次有給休暇、慶弔休暇、年末年始休暇、産前産後休暇、育児休暇
リフレッシュ休暇（5日以上の長期・連続休暇の取得も可能 ）",あり（残業は少なめです）,各種社会保険完備（雇用・健康・厚生年金・労災）,"・各種社会保険完備（雇用・健康・厚生年金・労災）
・制服貸与
・産休育休暇あり（就業1年以降、取得可能（最大1年半）
・確定拠出年金制度
・交通費支給あり（上限50,000円／月）","就業先所定の喫煙場所以外での喫煙を禁止し、
望まぬ方が受動喫煙とならない配慮をもって喫煙する。","日本語能力N2以上
英語 or 中国語が話せる方",,,,,"ケリングは、ラグジュアリーに対する大胆で枠にとらわれないビジョンの実現に挑戦しています。
ケリングが目指すのは、創造性、正統性、サステナビリティを兼ね備え、パワフルかつ独創的な作品を生み出すと共に、一人ひとりの個性の表現を可能にするラグジュアリーです。

・困難に対して果敢に立ち向かえますか？
・最後まで粘り強くやり遂げることができますか？
・高い倫理観を持ち、ラグジュアリー業界でキャリアを形成したいと考えていますか？
ケリングは、こうした方を心より歓迎します。

社員が成長し、その能力を最大限に発揮できる機会を提供するために、イマジネーションと創造力は不可欠です。
大胆な人材育成方針のもと、各ブランドとグループ本社で働く全社員の能力開発と満足度の向上に尽力しています。
多様性、平等、高いモビリティを柱とするケリングの人事制度は、社員が創造性を発揮、向上するために必要なツールや支援を提供しています。

ラグジュアリーへの深い情熱、変革を実現しようとするチャレンジ精神、ケリングと共に未来を創りたいという熱意に溢れた方を求めていますので、
世界で最も影響力のあるラグジュアリーグループの一員として、自分の強みを活かして一緒に働きませんか？",20代～30代活躍中,"書類選考 → 1次面接 → 二次面接→ 内定
※状況により選考フローが変更になる可能性がございます。",,,,,,,,,,,株式会社ケリング ジャパン　アレキサンダー・マックイーンディビジョン
sewa-2025122902,f4bUCau1RgS5O534tYDX,星野リゾート/技人国/サービスチームスタッフ/沖縄の星野リゾートで働ける！,Active,サービスチームスタッフ,正社員,雇用期間の定めなし,沖縄県中頭郡読谷村字儀間４７４,,,"基本給 180,000 円 〜 270,000 円
月平均労働日数（ 20.8日）","ホテル運営に関する全ての業務。商品提供と魅力創造により、滞在
の演出をしていきます。
■商品提供／フロント・客室清掃・レストランサービス・調理など
、ホテルに欠かせない基本サービスの全て。
■魅力創造／お客様の動きや宿泊後アンケートから見えてきたニー
ズを具体的なプログラムにする。まだ知られていない地域の魅力を
発掘し、未来のお客様に向けて発信する。",日本語能力試験（JLPT）N2以上,"交替制（シフト制） 
（１） 05時 00分 〜 14時 00分
（２） 09時 00分 〜 18時 00分 
（３） 13時 00分 〜 22時 00分","週休二日制（水から火の一週間の間で完全週休２日制）

6ヶ月経過後の年次有給休暇日数 10 日","時間外労働あり 月平均 20時間

36協定における特別条項 あり 

特別な事情・期間等
ゴールデンウイーク、お盆、年末年始など繁忙期に、年間６回を限
度に月に最大９９時間、年７２０時間まで延長できる。",雇用保険、労災保険、健康法圏、厚生年金,退職金制度、育児休業、介護休業,"あり（屋内禁煙）
敷地内禁煙（屋外に喫煙場所設置）
＊星野リゾートでは禁煙を推奨しています。",日本語能力試験（JLPT）N2以上かつ日本語で接客ができるコミュニケーションスキルが必要,,,,,インバウンドの拡大によりスタッフ増員,59歳以下（年齢制限該当事由 定年を上限）,"書類選考
一次面接：オンライン
二次面接：現地",,,,,,新卒可・中途可,,,,,株式会社星野リゾート・ホールディングス
sewa-2025122903,zi1X5VxUsRq4vR5hwMQw,【東京・豊洲】ホテルJALシティ/技人国/フロントスタッフ,Active,インバウンド増加,正社員,‐,"ホテルJALシティ東京,豊洲",,,"あなたの経験とスキルを正当に評価し、給与に反映します。

月給：215,000円以上

※年齢・経験等を考慮の上、決定します。

昇給：年1回（7月）

賞与：年2回（7月・12月）

※2024年冬季賞与実績：2.7ヶ月分","【具体的なお仕事内容】 
◆インチャージ業務 
・時間帯のオペレーション責任者として、スムーズなフロント業務をリードします。 
・日々の業務改善や、オペレーションマニュアルの作成・更新にも携わります。 
・スタッフの教育やトレーニングも担当し、チーム全体のサービス品質向上を目指します。 
◆フロント業務 
・チェックイン・チェックアウトなどの各種お客様対応。 
・宿泊予約の管理や、電話での問い合わせ対応。 
・日次の売上管理など、計数管理業務。 
●経験とアイデアを活かそう 
接客業務をされてきた方はもちろん、他業界で培ってきた経験を発揮できる場所がここにありま
す。ホテルならではの一流の接客術とマナーを身につけ、お客様に喜んでいただくためのアイデ
アを形にすることができます。お客さまの想像の先を行く、感動するサービスができるよう経験を
積んで行ってください。 
●SPORT×ART新豊洲 
ホテルの位置する新豊洲は、SPORT×ARTというコンセプトのもとまちづくりが進められている新
しいエリアです。「ホテルJALシティ東京 豊洲」は、今夏に開催される世界的スポーツイベントのレ
ガシーと共に、そこに集う人々の憩いの場として、地域に根差し新しい東京の風景を彩ります。 
●ホテルJALシティの魅力 
ホテルJALシティは、“Smart simplicity”をコンセプトに高機能なサービスをコンパクトに凝縮し
た、スマートでスタイリッシュなシティホテルとして観光やビジネスなど、多くのお客さまにご利用い
ただいています。安心・快適な旅のサポートをするため、上質なサービスとおもてなしを提供して
います。 
●オークラニッコーホテルズ 
株式会社オークラ ニッコー ホテルマネジメントは「オークラホテルズ＆リゾーツ」「ニッコー・ホテル
ズ・インターナショナル」「ホテルJALシティ」というホテルチェーンを運営するホテルオークラグループのホテル
【充実した待遇と、安心の労働環境】 
年間休日は110日で、希望休も考慮されるシフト制です。賞与は年2回支給され、2024年冬季は2.7ヶ月分の実績があります。食事手当や交通費全額支給など、手厚い福利厚生も魅力です。","【必須】

◇JLPTN1
◇日常会話レベルの英語力（TOEIC500点、英検準2級程度）をお持ちの方

【このような方は大歓迎です】
◎ホテルのフロントインチャージとしての業務経験
◎チームをリードし、後輩の育成にやりがいを感じる方
◎新しい環境で、自らのスキルを試したい方
◎お客様を感動させるサービスを追求したい方","勤務時間：24時間シフト制（1ヶ月単位の変形労働時間制）

※希望休の提出も可能です。","休日：年間休日110日

休暇：年次有給休暇（入社時に10日付与）、慶弔休暇、特別休暇",‐,健康保険、厚生年金、雇用保険、労災保険,"通勤手当全額支給
制服貸与（クリーニング代会社負担）
食事補助（手当）あり",‐,"◇JLPTN1 
◇日常会話レベルの英語力（TOEIC500点、英検準2級程度）をお持ちの方",,,,2026-03-31,インバウンド増加,‐,"書類選考
一次選考（面接）
最終選考（面接）",,,,,,中途のみ可,,,,,株式会社オークラニッコーホテルマネジメント
sewa-2025122904,jAawWUAxfhI9bqnqexVb,COACH/技人国/販売,Active,インバウンドの売上増に伴い、多言語スピーカー採用を強化,正社員,期間の定めなし（試用期間：3か月）,"静岡県,京都府",御殿場アウトレット、京都高島屋,,"月給25万円～

・言語手当て
・ボーナスあり
・昇給あり","COACHストア内で、海外からのお客様がご来店された際に、
『広東語や北京語』を使用した通訳と接客アシスタント、バックヤード業務

・フロアでの通訳対応、接客アシスタント(接客、商品説明等)
・キャッシャー業務(レジ、ラッピング等)
・バックヤード業務(在庫管理・商品補充等)　など","・高校卒業以上の方
・中国語が話せる方（目安：ビジネスレベル）
・日本語でスタッフ間のコミュニケーション力、必須（日本語の読み書きスキルは不問）
・日本のお客様や一緒に働くスタッフとは、主に日本語でのコミュニケーションとなります
・ファッション、アパレル、COACHへの関心が高い方
・チームワーク・コミュニケーションを大切にできる方
","＜路面店／百貨店＞
京都高島屋・心斎橋パルコ／9:30～20:30（施設営業時間に準ずる）
※1日の実働7時間40分（シフト制）
※休憩時間：70分以上90分以内","シフト制／週休2日制（月8～10日）
年間115日、年次有給休暇・フレックス休暇・傷病休暇・産休育休・介護休暇","業務の繁忙により時間外労働を命ずることがある
時間外労働の割増賃金については、給与規程によるものとする",健康保険・厚生年金・雇用保険・労災保険,"・転勤時、引越し支援金制度(規定あり)　※入社時は無し・ユニフォーム貸与
・制服貸与
・時間外手当
・特別賞与(インセンティブ)
・商品知識・スキル研修等
・社員割引制度
・ネイルピアスOK（当社規定あり）
・年始手当支給（5000円）※1月1日に4時間以上勤務された方
・社会保険完備
・昇給年1回
・年次賞与制度、ストアインセンティブ、短時間勤務制、長期休業時収入補償制度、リロクラブ、カウンセリングサービス、確定拠出年金制度など",施設より喫煙所を設けています,"中国語が話せる方（目安：ビジネスレベル）
日本語でスタッフ間のコミュニケーション力、必須（日本語の読み書きスキルは不問）
日本のお客様や一緒に働くスタッフとは、主に日本語でのコミュニケーションとなります",,,,2026-03-31,インバウンドの売上増に伴い、多言語スピーカー採用を強化,20代～30代活躍中,履歴書提出→面接２回,,,,,,中途のみ可,,,,,タペストリー・ジャパン合同会社
sewa-2025122905,A4evRxBmEiZMH23new7v,【VALENTINO】ラグジュアリー販売,Active,"昨今はインバウンド需要が高まり、日本国内に限らず海外からのお客様が増えております。
Client Advisorはファッションを通じて、VALENTINOの紡ぐ物語をお客様にお伝え頂くと共に、販売のプロフェッショナルとして業務にあたり、顧客満足とブランドロイヤルティの最大化を目指して頂く事がミッションです。
新しいものと古いもの、ハイとロー、ストーリーとクチュールといった異なるものを組み合わせることで生まれる美しさに触れ、またレディーズ、メンズ、アクセサリー、シューズ等幅広い製品のご提案を通して、専門知識、経験を積み重ねプロフェッショナルとしてご活躍できる環境がございます。
良質な素材から作り出される洗練さに触れながら、プロ意識の高いチームの中で、ご自身の可能性を広げていきませんか。ブランドと共に成長し続けられる方
からのご応募をお待ちしております。",正社員,雇用期間の定め無し,"東京都,静岡県","・急募：御殿場プレミアム・アウトレット内（〒412-0023 静岡県御殿場市深沢１３１２ ウエストゾーン570区画）
・その他：都内銀座など",,"年収3,000,000円～4,500,000円
試用期間あり　3ヶ月（条件変更なし）
年俸制
昇給あり（年1回）
インセンティブあり
・個人インセンティブ：マンスリー
・店舗インセンティブ：クオーター＋年間予算達成でインセンティブ
時間外手当","『VALENTINO(ヴァレンティノ)』クライアントアドバイザー募集です。
・接客、販売
・商品チェック、在庫管理、発注
・店内のディスプレイ、商品のレイアウト
・売上げなどの予算管理","【求める人材】:
【必須経験】
・アパレルブランドでの販売経験3～5年
（シニアクライアントアドバイザーの場合は5～10年）
【尚可】
・ラグジュアリーブランド、百貨店経験者　
・バッグ、メンズカテゴリー経験者
【求める人物像】
・インポートラグジュアリーブランドでのウエア経験者
・百貨店での販売経験者
・語学力のある方尚可（英語/中国語）
・協調性があり、前向きに業務に取り組める方
・向上心があり、粘り強く仕事に取り組むこと
経験者優遇、経験者限定/経験必須
急募、接客マナー、英語力を活かす、試用期間あり、中国語を活かす","09:30~21:30

※シフト制 
実動 7.5 時間
休憩 1.5 時間
残業代別途支給","シフト制（年間休日118日）＋夏期休暇（5日）冬期休暇（3日）、年次有給休暇、慶弔休暇、出産休暇、育児休暇
※有給休暇 初年度は入社月により変動、翌年度15日
【週5日勤務、平日休みあり、休日120日以上】",場合によりあり(時間外手当支給),各種社会保険完備（雇用・健康・厚生年金・労災）,"・制服貸与
・定期健康診断
・健保組合保養所優待
・慶弔休暇
・介護休暇
・育児／産前産後休暇
・昇給 年 1 回（5月）業績及び個人業績に基づいて決定
・Incentive制度有（individual/Quarter/Yearlyの予算達成に応じて支給）
・交通費支給（月 5 万円まで）
・各種トレーニング（導入研修、商品研修、販売テクニック研修等）
・社員販売割引制度（試用期間終了後より適用） ・退職金制度あり（3年以上の在籍で対象）
・ベネフィット・ワン加入",就業場所における屋内の受動喫煙対策：敷地内禁煙。喫煙可能区域での業務あり,日本語必須：N2相当以上が望ましい、英語 or 中国語が話せる方は歓迎！,,,,,"昨今はインバウンド需要が高まり、日本国内に限らず海外からのお客様が増えております。
Client Advisorはファッションを通じて、VALENTINOの紡ぐ物語をお客様にお伝え頂くと共に、
販売のプロフェッショナルとして業務にあたり、顧客満足とブランドロイヤルティの最大化を目指して頂く事がミッションです。

新しいものと古いもの、ハイとロー、ストーリーとクチュールといった異なるものを組み合わせることで生まれる美しさに触れ、
またレディーズ、メンズ、アクセサリー、シューズ等幅広い製品のご提案を通して、専門知識、経験を積み重ね、
プロフェッショナルとしてご活躍できる環境がございます。

良質な素材から作り出される洗練さに触れながら、プロ意識の高いチームの中で、ご自身の可能性を広げていきませんか。
ブランドと共に成長し続けられる方からのご応募をお待ちしております。",20代～30代活躍中,"選考フローについて
書類選考 → 1次面接(HR) → 二次面接(Retail Manager、Store Manager ) → 内定
【面接における選考基準】
・チームワーク、協調性
・素直さ、積極性、成長意欲
・失敗や成功を振り返り、次に活かした経験
※ぜひ事前にVALENTINO店舗にて接客を受けていただき、ご自身が働くイメージを持った上で面接へお越しください。
会社の歴史や現状、社内の雰囲気や今後の方向性等、包み隠さずお話致しますので、ご不明点等や気になる点等ありましたら遠慮なくご質問ください。
【備考】入社時期はご相談ください。",,,,,,,,,,,VALENTINO JAPAN LTD.
sewa-2025122906,jWMvu85KI41vjvHRLc9z,テラアクソン/技人国/AIエンジニア,Active,"AIを活用したベンチャー企業で一緒に働きませんか!?
機械/研究・開発・エンジニア",契約社員,"試用期間あり 3ヵ月
※給与・条件の変更なし",,,,"20万円~25万円/月
(正社員登用後はこの限りではない)","業務端末設定、業務システム保守運用のお仕事です。
具体的には、システム設定作業、機器設定作業、問い合わせ対応をお願いします。","・N2以上の方
・パソコンの設定、スマートフォンの設定が出来る方
・IT技術に関心があり、学習意欲がある方","平日9:00~18:00
(完全週休二日制、有給休暇あり)","休暇・休日
完全週休二日制、出勤日数に応じて有給付与、急なお休みなど柔軟に対応します","あり
月平均残業時間10時間程度",健康保険・厚生年金・雇用保険・労災保険,"借上社宅(自己負担5万円)
社員旅行休暇
学習手当等",屋内原則禁煙(喫煙室あり),,,,,,-,20代～30代活躍中,書類選考→面接2回※変動あり,,,,,,,,,,,株式会社テラアクソン
sewa-2025122907,El86RfWi1311Edjm7apY,ホテル業務,Active,"・新棟開業による大規模募集
(採用人数：採用枠200名、新棟分)",正社員,雇用期間の定め無し,,"全国の共立リゾートホテル
　・グローバルコース：全国転勤あり （ホテルのある全エリアへ転勤の可能性があります。）
　・エリアコース：各エリア内でのみ異動があります （エリアは会社説明会でご確認ください。）",,"【大卒】
グローバル: 231,000円（勤務区分給含む）
エリア      : 201,000円","☆フロント業務
接客対応（チェックイン、チェックアウト、インフォメーション、精算など）、
売店販売
商品管理
館内巡回
レストランヘルプ（ホール、洗い場など）
館内清掃
ナイト業務","・外国人留学生
☆ビザ区分
①特定活動46号   
N1またはBJT480点以上を取得しており日本の大学（院）を卒業・修了／見込みの方
②技術・人文知識・国際業務        
上記①の要件以外の方で、海外の大学を卒業又はN2 以上を取得し英語、中国語、韓国語での通訳翻訳業務が可能な方
※日本国内の学校を卒業する場合は、その学校を最終学歴として給与条件を決定する。","シフト制
(例:早番7:00~16:00 遅番13:00~22:00 ナイト22:00~7:00等 ホテルにより時間は異なる)","週休2日制（シフトによる）
夏期休暇 3日（7月～11月取得）＋冬期休暇 4日（12月～3月取得）
慶弔休暇、有給休暇、産前・産後休暇、育児休業、介護休業、永年勤続特別休暇",場合によりあり(時間外手当支給),"・社会保険完備
(雇用、労災、健康、厚生年金)","■昇給年1回（5月　※対象者：勤続1年以上）
■社会保険完備
■財形貯蓄制度
■社員持株会制度
■育児支援制度
■資格支援制度
■副業制度
■住居の移動を伴う配属・転勤の場合、直営寮または借上寮・社宅を手配します。
※寮・社宅費用（本人負担分は給与控除）
寮は各事業所により物件条件は異なります。
待遇・福利厚生
受動喫煙防止措置
（概ね間取りは1R程度　自己負担額：1万円～2万円）
借上社宅
家賃（共益費・管理費含む）×50％
※社宅の初期費用（敷金・礼金）は全額会社負担
※物件は社宅規程に基づき会社で手配します
※水道光熱費、通信費、駐車場は個人負担",-,N2相当以上が望ましい,,,,,"・新棟開業による大規模募集
(採用人数:採用枠200名、新棟分)",問わない,"①会社説明会への参加またはマイページ内の掲載動画を視聴
②１次面接（オンライン）※１次面接までにエントリーシート入力
③SPI試験
④２次面接（対面）
⑤最終面接（対面）
※選考ステップは変更になる場合もございますので、ご了承ください。",,,,,,,,,,,株式会社共立メンテナンス
sewa-2025122908,IRrLH9g9Z78PR2M3ZlvV,R CREW,Active,"ショップスタッフ（R CREW）
",正社員,期間の定めなし,,"■全国各地の楽天モバイル運営店舗 
首都圏・東日本 楽天モバイル ポールタウン札幌店 
首都圏・東日本 楽天モバイル 仙台中央通り店 
首都圏・東日本 楽天モバイル 仙台駅西口店 
首都圏・東日本 楽天モバイル イオンモールつくば店 
首都圏・東日本 楽天モバイル 松戸店 
首都圏・東日本 楽天モバイル イオンモール幕張新都心店 
首都圏・東日本 楽天モバイル イオンモール北戸田店 
首都圏・東日本 楽天モバイル ららぽーと新三郷店 
首都圏・東日本 楽天モバイル トレッサ横浜店 
首都圏・東日本 楽天モバイル 川崎ゼロゲート店 
首都圏・東日本 楽天モバイル 渋谷公園通り店 
首都圏・東日本 楽天モバイル 高田馬場店 
首都圏・東日本 楽天モバイル 二子玉川店 
首都圏・東日本 楽天モバイル 下北沢店 
首都圏・東日本 楽天モバイル 秋葉原店 
首都圏・東日本 楽天モバイル アリオ西新井店 
首都圏・東日本 楽天モバイル 上野広小路店 
首都圏・東日本 楽天モバイル 浅草店 
首都圏・東日本 楽天モバイル 大森駅前店 
首都圏・東日本 楽天モバイル ハッピーロード大山店 
首都圏・東日本 楽天モバイル 武蔵小山店 
首都圏・東日本 楽天モバイル 駒込店 
首都圏・東日本 楽天モバイル 池袋西口店 
首都圏・東日本 楽天モバイル 池袋東口店 
東海 楽天モバイル mozoワンダーシティ店 
東海 楽天モバイル 名古屋栄大津通店 
東海 楽天モバイル 名古屋栄森の地下街店 
東海 楽天モバイル 名古屋ユニモール店 
東海 楽天モバイル イオンモールナゴヤドーム前店 
東海 楽天モバイル イオンモール新瑞橋店 
関西 楽天モバイル 京都四条通店 
関西 楽天モバイル イオンモール茨木店 
関西 楽天モバイル イオンモール堺鉄砲町店 
関西 楽天モバイル イオンモール大日店 
関西 楽天モバイル セブンパーク天美店 
関西 楽天モバイル ららぽーとEXPOCITY店 
関西 楽天モバイル イオンモール大阪ドームシティ店 
関西 楽天モバイル なんばウォーク店 
関西 楽天モバイル 心斎橋店 
関西 楽天モバイル イオンモール鶴見緑地店 
関西 楽天モバイル アリオ八尾店 
関西 楽天モバイル イオンモール伊丹店 
関西 楽天モバイル 神戸三宮センター街2丁目店 
関西 楽天モバイル イオンモール神戸南店 
関西 楽天モバイル ららぽーと甲子園店 
九州・中四国 楽天モバイル 広島本通り店 
九州・中四国 楽天モバイル ゆめタウン廿日市店 
九州・中四国 楽天モバイル ゆめタウン久留米店 
九州・中四国 楽天モバイル ゆめタウン大牟田店
九州・中四国 楽天モバイル 福岡天神西通り店 
九州・中四国 楽天モバイルゆめタウン博多店 
九州・中四国 楽天モバイル ららぽーと福岡店 
九州・中四国 楽天モバイル イオンモール福津店 
九州・中四国 楽天モバイル イオンモール八幡東店",■転居を伴う転勤なし  各地の直営店舗の勤務になります。 ,"想定年収：280 万円～405 万円 ※残業・賞与・諸手当含む 
月給：204,000 円～281,000 円（残業代別途支給、インセンティブ制度あり） 
■モデル年収 
（例 1）557 万円 入社 7 年目 店⾧(月給 36 万 9000 円×12 ヵ月＋手当・賞与) 
（例 2）466 万円 入社 4 年目 店⾧(月給 31 万 0000 円×12 ヵ月＋手当・賞与) 
（例 3）386 万円 入社 3 年目 スタッフ(月給 27 万 9000 円×12 ヵ月＋手当・賞与)","楽天モバイルショップにご来店されるエンドユーザーに対し楽天モバイル及び楽天グループサー
ビスのご提案を通じて、楽天 
グループサービスユーザー拡大をおこないます。 
 
具体的には 
・新規契約、機種変更、その他楽天モバイルおよびグループサービスのご提案、登録業務 
・お客様からの問い合わせ対応 
・店舗内での電話応対、在庫管理、事務作業、各種会議参加など 
・KPI管理業務 
・集客活動業務 
・その他店舗業務全般 
 
■R CREW 構成 
正社員：約 400 名 / 派遣社員：約 90 名 
※１店舗につき店⾧：１名、スタッフ 5～15 名（店舗の規模による）","必須要件：
・接客経験1年以上
・ビジネスで通用する日本語コミュニケーションが可能な方

歓迎要件：
・コミュニケーション能力が高く、ポジティブな方
・何かしらの営業経験のある方（業界不問）
・フットワークの軽い方",シフト制（1 日あたり 7.5 時間/勤務時間帯は店舗による） 、土日は原則稼働。,"年間休日：111 日
休日は月8日以上／月毎にシフトを決定し、休日の希望は優先して調整します。
■年末年始休暇
■夏季休暇
■慶弔休暇
■有給休暇（互いにフォローし合う文化があり、休暇は自由に取得可能です）
■産前・産後休暇（取得実績あり）
■育児休暇（取得実績あり）
■特別休暇",平均残業時間：10～15 時間,社会保険完備（健康保険、厚生年金保険、雇用保険、労災保険）,"■通勤手当（交通費月額5万円迄実費支給）
■出張手当
■制服貸与
■座学・OJTでの研修あり
■退職金制度あり
※店舗により、女性専用のロッカーや更衣室があります。",屋内全面禁煙,"英語力：不問 
日本語力：ネイティブレベル（N1 相当であれば外国籍の方も可）",,,,2026-03-31,-,～40 代まで,書類選考→一次面接→内定,,,,,,新卒・中途,,,,,楽天モバイル株式会社
sewa-2025122909,vFeS2ruPzvlcKAvnRb76,イグニッションポイント/技人国/コワーキング運営管理,Active,"オープンイノベーション施設・コワーキング施設の運営管理
※配属部署:イノベーション事業本部 イノベーションユニット",,-,,,,"・月収:25万円~40万円 ※経験やスキルによって変動あり
・賞与:年1回

内訳：月額給与総額:250,000 円(基本給 190,400 円、固定時間外手当 59,600 円)
上記固定時間外手当は、月間 40 時間分の時間外労働を行うものとみなして支給します。","・チェックイン・チェックアウト管理
利用者の入退館時の手続きおよび精算を管理し、スムーズな施設利用をサポートします。

・会議室管理:
ミーティングルームの予約受付を担当し、利用後の清掃・整理を行うことで、快適な会議環境を提供します。

・メンバーサービス
郵便物の受け取りおよび転送、その他各種サービスを通じてメンバーの業務効率を支援します。

・イベント企画・運営
コワーキングスペース内での交流を促進するために、各種イベント(交流会、ワークショップ、セミナーなど)の企画・運営を行います。
企業や起業家向けのピッチイベントを開催し、参加者同士のビジネスチャンスを創出します。

・ビジネスサポート
起業家や企業に対し、日本市場でのビジネス展開をサポートするためのリソースやコネクションを提供します。

・コミュニティ形成
多様な背景を持つ起業家のネットワークを構築し、知識や経験の共有を促進します。
利用者が互いに学び合い、成長できる環境を提供します。","【応募資格(MUST)】
・インキュベーション施設の利用者と日本語・英語での会話が可能な方
・インビテーション施設の利用者とフレンドリーな会話が可能な方
・基本的なPCスキル、Officeの操作が可能な方

【応募資格(WANT)】
・交流イベントの企画、交流イベントの実施経験
・ピッチイベントの企画、ピッチイベントの実施経験
・日本語での会議のファシリテート、日本語での議事録の作成経験","フレックスタイム制:6:00~22:00 の間で、1 日の基本労働時間は8時間
休憩 1時間","土曜、日曜、祝日、年末年始休暇

▼有給休暇
(年次有給休暇(6 ヶ月継続勤務した場合に 10 日付与)
※所定労働日の 8 割以上出勤要
弔慰休暇、結婚休暇、バースデー休暇、配偶者出産休暇

▼無給休暇
産前産後休暇、生理休暇、育児・介護休暇、裁判員休暇、母性健康管理のための休暇","時間外労働:必要に応じて有 所定時間外、
休日又は深夜労働に対して支払われる割増賃金率は以下の通りです。

所定時間外労働:25% 
法定休日労働:35%
法定外休日労働:25%
深夜労働:25%",健康保険・厚生年金・雇用保険・労災保険,"・諸手当:通勤交通費支給(上限 40,000 円/月)、生涯設計手当
・資格取得費用補助 (業務上必要資格に限ります)
・書籍購入制度
・企業型確定拠出年金制度など
・定年制:有(60 歳)",屋内全面禁煙,,,,,,"東京都内にある弊社の外国人起業家向けコワーキングスペースは近年、利用者数の増加とともに多様なニーズに対応するため、サービスの充実を図っています。
特に、グローバルなビジネス環境をサポートするインキュベーション機能の強化や、起業家同士の交流を促進するためのイベント企画を拡充することが求められています。

このような状況を背景に、コワーキングスペースの運営チームを強化し、より多くの起業家に質の高いサービスを提供するため、新たにスタッフを募集することとなりました。
新しいメンバーには、利用者とのコミュニケーションを通じて、彼らのビジネス成長を支援する役割を担っていただきます。
国際的な環境での経験を活かし、ダイナミックなチームの一員として共に成長できる方をお待ちしています。",問わない,"書類選考→面接2回
※状況によって変動します",,,,,,,,,,,イグニション・ポイント株式会社
sewa-2025122910,SHYRo5YpkOFQnOryNgq0,auじぶん銀行/技人国/資産運用業務の商品・サービス企画,Active,外貨預金・FXの事業推進担当（商品・サービス企画）,正社員,・試用期間3ヶ月（待遇に変更なし）,"東京都中央区日本橋1-19-1,日本橋ダイヤビルディング,●東京メトロ「日本橋駅」より徒歩3分,●東京メトロ「三越前駅」より徒歩5分,●東京メトロ「茅場町駅」より徒歩6分,●JR「東京駅」徒歩13分",,,"年収 650万円 〜 900万円 
・賞与：年2回（6月、12月） 
・昇給：年2回（6月、12月） 
※上記年収は、時間外手当30時間分・賞与を含んだモデルです。 
 ※時間外手当は非管理職を対象に1分単位で全額支給します。 
 ※給与額はご経験・現年収等を考慮し、個別に決定します。","仕事内容
当社の預金業務、資産運用業務の商品・サービス企画を担当する部門にて、ご経験を踏まえ、以下の資産運用業務をお任せいたします。

＜メイン業務＞
◇外貨預金、仕組預金、FX商品などの商品企画及び事務企画（顧客獲得施策の立案、推進含む）
＜ご経験に応じて下記をお任せします＞
◇商品・サービスに関する各種企画の実現に向け、システム実装を行うための業務要件定義等のシステム企画に関する実務全般
◇金融商品のマーケティング業務の企画、実行に伴う社内外のステークホルダーとの調整、リーガル要件整理等の実務全般
◇計画策定・管理、施策のPDCA管理等マネジメント業務全般
今後、預金商品、運用商品の更なる改善、新規サービスの導入、新たなプロモーションの企画立案し、顧客基盤の拡大と顧客満足度の向上を実現していきます。

【配属部署について】

部長を含め27名が在籍（2025年4月現在）。20代から50代まで幅広い年代の社員が活躍しています。
資産運用グループ：15名 / 法人グループ：12名
入社者の前職例：都市銀行、地方銀行（本店勤務）、ネット銀行（企画職）など

【このポジションの魅力】
KDDIグループ各社と密に連携し、通信と金融を組み合わせた「新しい金融体験」を創造できるダイナミックな仕事です。
銀行の常識にとらわれないスピード感とチャレンジ精神のある社風で、企画職として大きく成長できます。
配属部署の管理職は全員が中途入社者。経歴に関わらず、実績が正当に評価されキャリアアップできる環境です。","【必須要件】
・銀行またはネット証券での事業企画、商品企画、営業推進いずれかのご経験（本部業務）
・銀行の営業店でのご経験のみでは、選考対象外となります。
・JLPTN2以上、日本語で円滑なビジネスコミュニケーションが可能な方

【歓迎する経験・知識】

SAS等を用いたデータ分析の知識・ご経験

【求める人物像】

・社会人としての基礎スキルを習得し、自ら課題を発見し、PDCAを回して業務を推進できる方（自走できる方）
・ターゲット：20代後半～30代前半までを想定しています。","フレックスタイム制 
・標準労働時間：7.5時間/日（休憩1時間） 
・コアタイム：10:00～15:00 （始業時間：5～10時、終業時間：15～22時） 
※担当業務に応じて在宅勤務も可能です。","・完全週休2日制（土日祝） 
・年間休日120日以上 
・有給休暇：試用期間明けに5～20日付与（入社月による） 
※1時間単位での取得も可能です。 
・特別休暇（積立、弔事、結婚、出産、子の看護、介護、リフレッシュ休暇など多数）",‐,社会保険完備,"・通勤手当（会社規定に基づき支給）
・確定拠出年金制度
・KDDI社員持株会
・会員制福利厚生サービス
・各種オプション健診の受診費用を補助（一定の条件あり）
・健康関連費用補助
・部内交流費補助
・資格取得支援制度
・育児休業・介護休業
・妊産婦・育児・介護のための短時間勤務制度あり（フレックス勤務転換可能）
・出張型整体型サービスの実施",分煙（喫煙室あり）,,,,,,2024年4月に口座数が600万を突破するなど、スマートフォンを軸としたサービスで多くのお客さまにご利用いただいているネット専業銀行です。国内の資産運用への関心が高まる中、今後のさらなる事業拡大を見据え、資産運用業務を強化するための増員募集となります。,,"1．書類選考
2．Web適性試験 ＋ 1次面接（所属部署長）
3．2次面接（所属本部長・人事）
4．内定
5．オファー面談（人事）",,,,,,中途のみ可,,,,,auじぶん銀行株式会社
sewa-2025122911,J50mHPeDJs97HbHLHxZH,外国籍人材の就労支援(法人営業 リモート・モバイル勤務),Active,-,正社員,■期間の定めなし  ・試用期間:あり  ・試用期間:3か月  ・試用期間中の労働条件:異なる  ・試用期間中の労働条件の内容:試用期間中はパートタイムにて,静岡県,"株式会社アドバンスト・カルチャー・センター 
 
・勤務地所在地:静岡県 富士宮市 大宮町10-9 
 
・最寄り駅:JR富士宮駅より徒歩5分 
 
・リモートワーク、出張あり",,"・給与・報酬: 220,000円 - 250,000円 月給 
 
・賞与年2回 賞与実績(直近年間2か月~4カ月) 
 
・昇給あり 
 
・通勤手当あり","静岡県で就労を希望している特定技能外国籍の方々と就業先の企業への多文化共生に関する入り
口を担っていただきます。リモート勤務が週2,3日となります。 
 
・営業内容の企画・提案・実行 
・リードの獲得 
・企業への提案・求人獲得 
・選考フォロー 
・支援担当者へのブリーフィング 
 
<アピールポイント> 
・日本語学校経営30年以上、外国人支援と日本語教育の実績を基盤に、外国人就労支援を行っています。 
・静岡県内企業を中心に外国籍の方の就職支援と入職後の支援を行っています。2025年1月時点で170名、約40社の支援を行っています。 
・就労支援をしている事業部のスタッフは計7名。日本語教師や外国籍のスタッフが活躍中。","<求める人材>
・法人営業経験者優遇
・外国籍の方々の生活支援等を業としての経験がある方(2年以上の経験者優遇)
・自動車運転免許がある方","■フレックスタイム制
・コアタイム 10:00~15:00
・フレキシブルタイム 6:00~10:00、15:00~22:00
・休憩時間 60分
・時間外労働有無:有
・平均所定労働時間(1か月当たり): 167時間","・日曜・国民の祝日
・年間休日 114日",時間外労働あり,健康保険・厚生年金・雇用保険・労災保険,"・業務使用のSIMカード、PC貸与
・社員旅行は1年1回(2023年実績:タイ)",原則屋内禁煙、喫煙室あり,日本語能力N2以上,,,,,-,問わない,-,,,,,,中途のみ可,,,,,株式会社アドバンスト・カルチャー・センター
sewa-2025122912,CkSNOIXhMlytPpaplwoV,トラベルパートナー,Active,"弊社コスモスホテルマネジメントは、 
外国籍社員の出身国・地域数が37か国の国と地域、MIMARUで働く外国籍社員は80％以上。 
日本をもっと面白くをコンセプトに、新たな外国籍スタッフの募集しています。 
誰もが主役になれる場所。 
国籍、年齢、文化、様々なバックグラウンドが活躍できるコスモスホテルマネジメント。 
あなたの個性を活かせる場所が必ずあります。 
ご応募お待ちしています。",正社員,期間の定めなし（試用期間6か月）,"東京都,大阪府,京都府",,東京/京都＆大阪,"＜賃金形態＞ 
月給制 

＜賃金内訳＞ 
給与：255,000円～
昇給・賞与：賞与年2回（6月・12月）／昇給年2回（7月・1月）

賃金はあくまでも目安の金額であり、選考を通じて上下する可能性があります。","■業務内容：
当社が運営するアパートメントホテル「MIMARU」のフロント業務を担当いただきます。

■業務詳細：
・チェックイン／チェックアウト業務
・ホテル内案内等インフォメーション業務
・予約問い合わせ対応（メール・電話）
・宿泊者へ観光名所・おすすめスポットの案内　など　
※夜勤はございません

【業務スケジュール例】
７時：早番スタート　清掃についてのレポート作成
９時：中番スタート
１１時：チェックアウト・観光案内（交通・タクシー予約など）
１３時：遅番スタート　フロントチームミーティング（今日の状況を全員で確認）
　　　　インスペクション（清掃さんの掃除が終わっているかどうかの確認）チェックインの準備（部屋アサイン・カードキー作成）
１５時：チェックイン・観光案内
１６時：早番終了
１８時：中番終了
２２時：遅番終了・レジ締め
★アーリーチェックイン・レートチェックアウトもあります

【研修体制】
OJTで丁寧にお教えいたします。中途入社も多く、活躍していただきやすい環境です。

■フロントスタッフは外国籍の社員が80％以上。
現在フロントスタッフのほとんどは外国籍の社員です。
37か国以上の国籍の社員が働いているグローバルな環境で様々な文化や価値観にふれることができます。
※在籍してる社員の国籍例／アメリカ、中国、イギリス、韓国、ネパール、ベトナム、台湾、メキシコ、イタリア、ドイツ、リトアニア、スリランカなど、またビザのサポートや資格支援制度もございます。

■”顧客志向×裁量権”でゲストのために働ける
独自のアイディアを発案しやすい文化です。裁量権も大きく、
ゲストのために働くことに喜びを感じていただく方にピッタリなポジションです。

■働き方
月の残業時間は5～10h程度と少なめです。また日勤のみの勤務でや夜勤はありません。
年間休日も117日と長期的に活躍できる環境です。","＜MUST＞
・ビジネスレベルの英語スキル
・日本語スキル（N2レベル以上）をお持ちの方
※接客の９割以上は英語での会話となります。

<下記の方、大歓迎！>
・ホテルスタッフ・関連業務の経験をお持ちの方
・販売サービス・接客系の経験をお持ちの方
・コミュニケーションを大切にできる方","▼1ヶ月単位の変形労働時間制
週平均労働時間：40時間00分
休憩時間：60分

＜勤務時間＞
3シフト制※夜勤なし
早番／7:00～16:00
中番／9:00～18:00
遅番／13:00～22:00","休日／休暇
（休日）年間117日
（休暇）年次有給休暇、産前産後・育児休暇、リフレッシュ休暇、アニバーサリー休暇、ストック休暇、慶弔休暇他
※法定有給休暇とは別に、6月：3日、11月：3日の有給休暇を付与する。",あり（月平均5~10時間前後）,健康保険・厚生年金・雇用保険・労災保険,"・通勤手当：上限4万円 
・住宅手当：家賃補助あり（※規定あり／上限2万円） 
・副業：可能 
・出産・育児休暇あり 
・定期健康診断・健康診断窓口あり 
・福利厚生総合サービス（リゾート＆レジャー、スポーツクラブなど、様々なメニューを利用可能） 
 
＜定年＞ 
65歳",敷地内喫煙可能場所あり,"ビジネスレベルの英語スキル 
日本語スキル（N2レベル以上）",,,,2026-03-31,"弊社コスモスホテルマネジメントは、
外国籍社員の出身国・地域数が32か国の国と地域、MIMARUで働く外国籍社員は80％以上。
日本をもっと面白くをコンセプトに、新たな外国籍スタッフの募集しています。

誰もが主役になれる場所。
国籍、年齢、文化、様々なバックグラウンドが活躍できるコスモスホテルマネジメント。
あなたの個性を活かせる場所が必ずあります。

ご応募お待ちしています。",35歳以下,"STEP1：書類選考
↓
STEP2：一次面接
↓
STEP3：英語スピーキングテスト
↓
STEP4：最終面接
↓
STEP5：内定

※状況により変動あり",,,,,,新卒可・中途可,,,,,株式会社コスモスホテルマネジメント
sewa-2025122913,ZVuO3EsnO1nfvmJabeSa,ホール・キッチンスタッフ,Active,ホール・キッチンスタッフ,正社員,試用期間あり（3か月）,東京都,"■各店舗（東京都内） 
・神田たまごけん東池袋店／秋葉原店／池袋WACCA店 
　西新宿店／高円寺店／神保町店 
・渋谷たまごけん 
・肉とたまご新宿店／新宿東口店",,"・基本給：230,000円
・固定残業手当：42,000円
・深夜手当：8,000円
・賞与年2回
・昇給あり
・交通費支給あり（毎月上限2万円まで）","〇お客様のご案内
来店されたお客様をお席にご案内します。
混雑状況やお客様の希望に応じて、適切な席を提供します。

〇配膳・下膳
キッチンで準備されたオムライスや他の料理をお客様の席まで運びます。
お食事が終わったお客様のテーブルから食器を下げます。

〇オムライスの調理
キッチンでオムライスの調理を担当します。
お店のレシピに従い、美味しいオムライスを提供します。

〇仕込み
営業前や営業中に必要な食材の準備を行います。
野菜を切ったり、ソースを作ったり、具材の下ごしらえなど、調理がスムーズできるように準備します。

〇清掃など
店内や厨房の清掃を行います。
テーブルやカウンター・床の掃除など、衛生的な環境を保ちます。

難しい業務は一切なし！！
未経験でも簡単に業務を習得できますよ！","・JLPT	N3レベル以上
・日本語日常会話以上、記録（ひらがな・カタカナ）が出来る方

未経験も応募可能です！","シフト制

■9:00~19:00（休憩1時間）
■10:00~20:00（休憩1時間）
■12:00~23:00（休憩2時間）","年間休日105日
年次有給休暇10日（6カ月経過後付与）","あり
※月20時間前後",健康保険・厚生年金・雇用保険・労災保険,"・退職金制度あり（勤続5年以上の場合）
・保険加入あり（雇用保険・労災保険・厚生年金・健康保険）
・交通費支給あり（毎月上限2万円）
・賞与年2回
・昇給あり
・深夜手当あり
・連休取得OK（10連休取得実績あり）

【ユニークな休暇が豊富！】
・誕生日休暇
・記念日休暇
・リフレッシュ休暇
・海外旅行休暇
・BBQ休暇

・夏季休暇
・年末年始休暇
・有給休暇
・慶弔休暇
・育児・介護休暇",店内禁煙,"・JLPTN3レベル以上 
・日本語日常会話以上、記録（ひらがな・カタカナ）が出来る方",,,,,-,20代～30代活躍中,"書類選考→面接→内定
※状況により選考フローが変更になる可能性がございます。
※オンライン選考も可能です。",,,,,,,,,,,株式会社TGK
sewa-2025122914,J50mHPeDJs97HbHLHxZH,外国籍の方の企業就労・生活支援業務,Active,"この30年間で日本を取り巻く環境は大きく変わり、日本国内では深刻な人手不足の一方、
日本で進学や就職を希望する外国人のニーズも年々増加しています。
そういった課題を解決し、日本の人手不足解消、外国人人材の就労・生活支援を担っていただける仲間を募集しています。
【アピールポイント】
・日本語学校経営30年以上、外国人支援と日本語教育の実績を基盤に、外国人就労支援を行っています。
・静岡県内企業を中心に外国籍の方の就職支援と入職後の支援を行っています。
　2022年9月時点で50名、約20社の支援を行っています。
・就労支援をしている事業部のスタッフは計7名。日本語教師や外国籍のスタッフが活躍中です。",正社員,試用期間あり　6ヶ月（条件変更なし）,静岡県,"静岡県富士宮市大宮町10-9
※場合によってはリモート・出張が発生する可能性あり",,【月給】21万円 ~ 23万円,"静岡県で就労している特定技能外国籍の方々と就業先の企業への多文化共生に関する自立支援を行っていただきます。
本社は静岡県東部のため、リモート勤務中心となります。
・支援内容の企画・提案・実行
・公的手続きの支援、同行
・生活に関わる契約手続きへの支援、同行
・地域との交流に関わる支援
・日本語学習支援
・相談業務や支援業務
・定期的な面談（企業・外国人）","▼必須要件
・日本語能力N2以上
▼歓迎要件
・ミャンマー出身の方
▼求める人柄
・多文化共生や外国籍の方の就労支援に想いのある方
・企業の採用担当者や代表者とのコミュニケーションが可能な方","▼フレックスタイム制
【コアタイム】10:00~15:00
【フレキシブルタイム】6:00~10:00、15:00~22:00
※休憩時間 60分
・時間外労働:有
・平均所定労働時間(1か月当たり): 167時間",年間114日間（土・日・祝日）,あり,各種社会保険完備（雇用・健康・厚生年金・労災）,"・賞与年2回
※賞与実績（直近年間2か月～4カ月）
・昇給あり
・通勤手当あり",原則屋内禁煙、喫煙室あり,日本語能力N2以上,,,,,"この30年間で日本を取り巻く環境は大きく変わり、日本国内では深刻な人手不足の一方、
日本で進学や就職を希望する外国人のニーズも年々増加しています。
そういった課題を解決し、日本の人手不足解消、外国人人材の就労・生活支援を担っていただける仲間を募集しています。

【アピールポイント】
・日本語学校経営30年以上、外国人支援と日本語教育の実績を基盤に、外国人就労支援を行っています。
・静岡県内企業を中心に外国籍の方の就職支援と入職後の支援を行っています。
    2022年9月時点で50名、約20社の支援を行っています。
・就労支援をしている事業部のスタッフは計7名。日本語教師や外国籍のスタッフが活躍中です。",20～30代が活躍中！,"書類選考 → 1次面接 → 二次面接→ 内定
※状況により選考フローが変更になる可能性がございます。",,,,,,,,,,,株式会社アドバンスト・カルチャー・センター
sewa-2025122915,9JXmyUyryiEZDFc5ilna,グランビスタ全国/特定技能/調理師,Active,料理人・調理職（レストラン）,正社員,"期間の定めなし
使用期間：3カ月　※試用期間の待遇・給与に変更はありません。",,,,"▼基本給：167,000円～
▼都市手当：毎月15,000円～25,000円
▼賞与：3か月分※業績により連動
▼食事手当：毎月6000円

【その他補助手当あり】
▼家賃補助あり：家賃の50％補助
▼敷金・礼金：会社負担
▼ビザ申請代：会社負担（約10万円分）","【お仕事内容】
・当ホテルでは、ただいま館内のレストランでご勤務いただく《調理職スタッフ》を募集中です！
・経験豊富な方はもちろん、将来ホテルで働きたい方、いつかホテルで働いてみたいと思っていた方、
　ぜひ、私たちが運営しているホテルで一緒に働きませんか。

【お仕事の詳細】
ホテル内の厨房での料理業務・調理補助業務
・洋食調理
・和食調理
・中華調理
・カフェテリア調理（軽食）
・フードコート調理
・従業員食堂調理

レストラン・ラウンジ・バー宴会場などが多数あります。
調理業務は、洋食・和食・中華などがあり、食材の下ごしらえ・食材のカット・料理の盛り込み・洗い物等も含みます。
ランチ・ディナーのほか、バンケットやウェディングのお料理を担当する機会もあり、スキルアップをご希望の方に最適の環境です。
ご経験が浅い方も、しっかりサポートするのでご安心ください！","【こんな方にピッタリです】
◎初めて日本で働く方
◎笑顔でコミュニケーションが取れる方
◎お客様と接することを楽しめる方
◎国内外のお客様に対し、日本の魅力を伝えてみたい方
◎チームワークを大切にできる方
◎新しいことに挑戦するのが好きな人","１日実働平均　8時間（シフト勤務）
※変形労働時間制

＜シフト例＞
各ホテル、職種によって採用する勤務時間制が異なります
レストランサービス／7:00～23:00内のシフト制","年間休日108日（公休月9日※事業所によって異なる・シフト制）
年次有給休暇 ※入社時に付与
特別休暇（結婚、出産、忌引、転勤・出向など）

◎希望休の場合はシフト調整あり／連休取得OK","あり

平均10時間～20時間
※残業代は実費支給あり

残業代例：月2万円～3万円",健康保険・厚生年金・雇用保険・労災保険,"【教育】
各種研修が充実！
段階的に成⾧できる環境を用意しております！

【福利厚生】
◎都市手当あり：毎月15,000円～25,000円
◎賞与あり：3か月分　※業績により連動
◎食事手当あり：毎月6000円
◎家賃補助あり：家賃の50％補助
◎敷金・礼金負担あり
◎ビザ申請代負担あり（約10万円分）
◎財形貯蓄
◎団体生命、損害保険
◎社員食堂あり（一部の事業所を除く）
◎社員、家族割引利用制度あり

【寮】
一部事業所を完備",敷地内禁煙（屋内喫煙可能場所あり）,,,,,,"観光業の盛り上がりとインバウンドの復活を受け、業績は右肩上がりでアップ中！
今後も多くのお客様に充実したサービスを提供すべく、複数名の方を増員します。

私たちと一緒に、人と人、人と地域を繋ぎ、地域社会への貢献を目指す仕事にチャレンジする、
地域のさまざまな価値を見出せる人、ホスピタリティ業に興味が持てる人、共に未来を変えていく仲間を求めています！",問わない,面接2回予定,,,,,,,,,,,株式会社グランビスタ ホテル＆リゾート
sewa-2025122916,fJRc1CMp5hCPOMAQXExn,フロントスタッフ,Active,ホテル フロント,正社員,無期雇用 ※試用期間:3ヶ月(労働条件の変更なし),名古屋市,"住所：愛知県名古屋市⻄区樋の⼝町3番19号 ※現在、建て替え中 
最寄駅：名古屋市鶴舞線 浅間町 駅 徒歩10分",,"⽉給 178,000円〜428,000円
理論年収︓2,490,000円〜5,990,000円 賞与年間2.0ヶ⽉含む） 
※所有資格・経験年数・経験スキルにより優遇 
年1回昇給 / 年2回賞与（業績連動）⼈事考課による","2025年10月開業予定「エスパシオナゴヤキャッスル」宿泊部門募集!

【業務内容】
玄関ロビーアテンド、フロントカウンター、客室、予約業務、レベニュー
新規開業まで日にちがありますので、入社時期は年明け春頃を予定しておりますが、
時期によっては、弊社事業の名古屋観光ホテルにおいても勤務可能です。

【創造的変革に挑戦】
エスパシオナゴヤキャッスルは、名古屋城前という絶好のロケーションと、
城郭風の特徴がある外観をまとった名古屋の迎賓館となる“ビヨンド・ザ・ラグジュアリーホテル”であり、中部地区で随一の大宴会場を備えた、国際会議等、多種多様に対応可能とした施設です。

世界と戦える種々のプログラムを構築することで、国内外の富裕層に期待を超える満足度の高いサービス提供を目指し、ゼロから創り上げ、名古屋の地から魅力を発信したいという方、お待ちしております。","■⼤卒、ホテル専⾨学校卒
■ホテル英会話ができる⽅
■未経験歓迎
■経験者優遇
■ブランクOK
■第⼆新卒歓迎
■シティーまたはラグジュアリーホテル等での経験
＜求める⼈物像＞
＊接客が好きな⽅
＊元気でやる気のある⽅
＊笑顔でおもてなししていただける⽅
＊チームワークで働くのが好きな⽅","シフト制（実働7.5時間・休憩1時間） 
■配属場所により夜勤あり 
■時間外労働あり ⽉平均10時間※配属先により異なる","⽉間:9⽇間 
年間:108⽇間 
初年度 年次有給休暇10⽇間（⼊社時に付与。ただし1⽉〜3⽉⼊社時は0⽇）  
産休・育児休職 介護休職制度有り",-,各種保険完備（労災、雇⽤、健康、厚⽣）,"■借上寮・社宅制度あり（年齢等条件あり） 
■研修制度 
■資格取得報奨制度あり 
■社内割引制度あり 
■通勤⼿当（⽉50,000円迄 6ヵ⽉定期代⾦相当額） 
■資格⼿当 
■単⾝赴任⼿当 
■制服貸与 
■定期健康診断",屋外喫煙,"・英語必須
・JLPT N2以上",,,,2026-03-31,-,-,書類選考→⼀次⾯接→⼆次⾯接,,,,,,中途可,,,,,エスパシオエンタープライズ株式会社
sewa-2025122918,fJRc1CMp5hCPOMAQXExn,エスパシオ箱根/技人国/フロント,Active,ホテル フロント,正社員,無期雇用 ※試用期間:3ヶ月(労働条件の変更なし),"箱根,名古屋",,,"月給 178,000円~428,000円

理論年収:2,490,000円~5,990,000円 賞与年間2.0ヶ月含む)
※所有資格・経験年数・経験スキルにより優遇
年1回昇給 / 年2回賞与(業績連動)人事考課による","【メイン業務】
全9室のスモールラグジュアリー旅館におけるフルサービス全般となりますが、
ご案内や食事の提供（部屋食）などインルームサービスがメインで、料理に合わせたワインのサゼッションもございます。

接客マナーや着付けなども丁寧に指導致しますので、未経験の方も安心してご応募ください。
あなたらしい接客で、お客様のおもてなしをお願いします。

【その他業務、一日の流れ等】
お出迎え・お見送り・ご案内・朝夕食の配膳サービス･予約・その他付随する業務です。

【創造的変革に挑戦】
箱根の自然を感じられる早川沿いの広大な敷地には、露天風呂付の宿泊棟が9棟のみと贅沢な完全プライベート空間の中で、お客様に最高品質のサービスを提供するスモールラグジュアリーホテルです。","■大卒、ホテル専門学校卒
■ホテル英会話ができる方
■未経験歓迎
■経験者優遇
■ブランクOK
■第二新卒歓迎
■シティーまたはラグジュアリーホテル等での経験

<求める人物像>
*接客が好きな方
*元気でやる気のある方
*笑顔でおもてなししていただける方
*チームワークで働くのが好きな方","シフト制(実働7.5時間・休憩1時間)

・配属場所により夜勤あり
・時間外労働あり 月平均10時間※配属先により異なる","月間:9日間
年間:108日間
初年度 年次有給休暇10日間(入社時に付与。ただし1月~3月入社時は0日)
産休・育児休職 介護休職制度有り",あり,健康保険・厚生年金・雇用保険・労災保険,"■借上寮・社宅制度あり(年齢等条件あり)
■研修制度
■資格取得報奨制度あり
■社内割引制度あり
■通勤手当(月50,000円迄 6ヵ月定期代金相当額)
■資格手当
■単身赴任手当
■制服貸与
■定期健康診断

＜各種研修について＞
入社後も、さまざまな研修をご用意しています。

■若手フォローアップ研修
■階層別研修
■資格取得支援制度（資格取得者に対し一部報奨金有り）
■資格手当の拡充
■ジョブキャリとして、配置転換することでマネジメントや、
専門職としての実務職への選択が可能となります。",屋外喫煙,,,,,2026-03-31,-,35歳以下,書類選考→面接（オンライン・対面）→内定,,,,,,新卒可・中途可,,,,,エスパシオエンタープライズ株式会社
sewa-2025122919,KSTNpRail5rIzy0IQmaN,コスモス/技人国/シニアマンション,Active,シニア向けマンションのコンシェルジュ,正社員,試用期間あり　6ヶ月（条件変更なし）,,,,"【予定年収】
300万円～336万円

【賃金形態】
月給制：200,000円～240,000円
※給与詳細はスキルを考慮し決定します。

■昇給：年1回（7月）
■賞与：年2回（6月、12月）
■残業手当あり

※賃金はあくまでも目安の金額であり、選考を通じて上下する可能性があります。","【業務概要】
コスモスライフサポートが運営するアクティブシニア向け分譲マンション
「ザ・福井タワー イニシアグラン　コンシェルジュ」のサービス企画や運営をお任せします。

※ザ・福井タワー イニシアグランとは、65歳～75歳のまだまだ元気なアクティブシニア層をメインターゲットとしたマンションです。
暮らしを愉しみ、万が一に備えるために、安心・快適を支えるサポートをサービスとして提供しています。

【詳細】
◆入居者同士のコミュニティ形成（イベント企画・開催、サークル立ち上げ支援等）
◆見守り（緊急時の駆けつけ、日々のコミュニケーション等）
◆新たなサービスを作り出す対外ルートの構築
◆お食事提供サービスの運営
◆入居者のお困りごと相談の対応／介護事業者との連携
◆管理組合の運営サポート","▼必須要件
・日本語能力N2以上
・顧客折衝経験をお持ちの方
※実際に中途入社された方の前職は「カーディーラー受付スタッフやホテルスタッフ、介護施設スタッフ、航空会社スタッフなど」
　未経験からご活躍いただいております！

【ポイント】
・業界未経験歓迎！
・職種未経験歓迎！","年間休日日数114日
月8休制（休日はシフト制）

年間有給休暇10日～20日（下限日数は、入社直後の付与日数となります）
※4週8休のシフト制

【その他休暇制度】
特別休暇
産前産後休暇
有給休暇（入社時10日～最高20日付与）等","年間休日日数114日
月8休制（休日はシフト制）

年間有給休暇10日～20日（下限日数は、入社直後の付与日数となります）
※4週8休のシフト制

【その他休暇制度】
特別休暇
産前産後休暇
有給休暇（入社時10日～最高20日付与）等","あり
※平均残業10時間程度",健康保険・厚生年金・雇用保険・労災保険,"【各手当・制度】
・通勤手当：上限3万円（会社規定に基づき支給）
・社会保険
・定年：65歳　再雇用制度あり
・育休取得実績あり
・昇給あり（年1回：7月）
・賞与あり（年2回：6月、12月）",屋内全面禁煙,,,,,,"日本の社会は高齢化が進み、シニア向けの住宅も多様なスタイルが求められています。

大和ハウスグループの一員である株式会社コスモスイニシアが、
不動産デベロッパーとしてのノウハウを活かし、
介護の分野ではなく、住宅を供給することで社会に貢献したいと考え、立ち上げたのが株式会社コスモスライフサポートです。

今回はそんな日本のシニアに向けたライフサポートをお手伝いいただける方を募集しています。
未経験の方でも歓迎しておりますので、ぜひご応募お待ちしております。


■働き方
・休日や夜間の呼び出しはなし！お好きな時に休日を取得いただけます。 季節休暇と呼ばれる長期休暇も必須で取得いただきます。
・月ごとのシフト制のため残業は発生しづらく、月10時間以内です。
・大和ハウスGのため、福利厚生も安定しています。産休育休などももちろん完備です。

■魅力
家族のような親身さを持ちながら、入居者様の生涯に寄り添った当社ならではのサービスを提供しています。
コンシェルジュサービスだけではなく、現場スタッフ発信で「攻めのサービス」を企画・提供できることが魅力です。
全て入居者に合わせるのではなく、新たな価値を提供することを大切にしています。",20～40代が活躍中！,"書類選考 → 1次面接 → 二次面接→ 内定
※状況により選考フローが変更になる可能性がございます。",,,,,,,,,,,株式会社コスモスライフサポート
sewa-2025122920,7UEUwDmg8ZZzkrVNLA5S,こまくさホテル/技人国/正社員,Active,ホテルフロント,正社員,"【試用期間】試用期間あり
試用期間の長さ：3ヶ月
雇用形態、給与は本採用時と同じです。","こまくさホテル,長野県松本市安曇4293-2",,,"月給 250,000円 ～ 300,000円 （※想定年収 3,000,000円 ～ 3,600,000円）
※上記年収には含まれていませんが、決算賞与を含め賞与が年３回ございます。","・フロント業務（チェックイン・チェックアウト対応、電話応対）
・清掃、ベッドメイキング
・予約管理（PC操作あり）
・食事の配膳・補助
・館内案内やお客様対応
・備品管理や簡単な施設メンテナンス など
※ご経験や適性に応じて、徐々に業務をお任せしていきます。
※支配人登用後は、施設運営全体のマネジメント業務も含まれます。","N2以上
会話レベルの英語","シフト制
1日あたりの実働時間：最大8時間/日
下記シフト制にて勤務していただきます。
(1)8:00~17:00
(2)5:00~14:00
(3)14:00~23:00",週休2日制,‐,"◇ 雇用保険
◇ 労災保険
◇ 健康保険
◇ 厚生年金","◇ 交通費支給あり
◇ 寮・社宅・住宅手当あり
乗鞍スキー場シーズン券
趣味用品の購入補助(年間最大5万円)
寮完備(ホテル内の温泉利用可)
食事補助
社用車利用可
交通費支給(規定あり)
赴任旅費支給(規定あり)",‐,,,,,,インバウンド増加の為,‐,‐,,,,,,中途のみ可,,,,,株式会社 三高
sewa-2025122921,42luo63vAkaef8KlVDE5,琉球ホテル&リゾート名城ビーチ/フロントスタッフ,Active,より良いサービスを提供するため新しいメンバーを募集します！ ,正社員,-,"〒901-0351,沖縄県,糸満市963","那覇空港から車で20分 
※自動車・バイク通勤可",,"固定残業代あり：月給 ￥202,587 〜 ￥306,765は1か月当たりの固定残業代￥19,987〜￥30,265（15時間相当分）を含む。15時間を超える残業代は追加で支給する。","【仕事内容】
県内最大級のリゾートホテルで
フロントチームリーダーとしてフロント業務をお任せします。

＜具体的な業務内容＞
・宿泊部門に関する業務全般
・チェックインからチェックアウトまでに係るお客様対応
・顧客満足度向上

宿泊部門は、ホテルで提供するあらゆる
サービスに精通し、マルチに活躍します。

ホテル経験者の方もご自身のスキルアップや
活躍できる環境がございますので、まずは
お問い合わせください。

【職場環境】
20代〜50代の幅広い世代が活躍中！
まだ開業したばかりのホテルでの
お仕事なので、やりがいも十分。","【応募条件】 
＜必須条件＞ 
・高卒以上 
・普通自動車運転免許 
＜歓迎条件＞ 
・20代・30代・40代・50代活躍中 
・ブランクのある方も歓迎 
・異業種からの転職歓迎 
・コミュニケーションをとりながら業務を進められる方 
・英語・中国語など語学力に自信のある方歓迎 
・ハローワーク、ホテレスなどでお仕事お探し中の方も歓迎","那覇空港から車で20分
※自動車・バイク通勤可","月9日(年間休日108日)

＜その他の休暇＞
・産前/産後休暇
・育児休暇
・介護休暇
・生理休暇",-,雇用、労災、健康、厚生年金,各種社保完備、時間外手当、深夜手当、年次有給休暇、慶弔休暇、育児休業、介護休業、語学資格手当、交通費支給（規定あり）、職務手当（調理専門職のみ）、食事手当、ホテル手当、従業員割引制度,屋外喫煙可（喫煙スペースでの業務が発生するため、募集対象は20歳以上のみ）,N2以上,,,,,より良いサービスを提供するため新しいメンバーを募集します！,-,応募→書類選考→面接→採用,,,,,,新卒可・中途可,,,"越境・在留可否：不明
住宅支援：不明
渡航費：不明
引っ越し支援：不明
新卒・中途：不明
ビザサポート：不明　　　　　7/10田名網作成",,株式会社ケン・ホテル＆リゾートホールディングス
sewa-2025122922,icxxrWU60aTkBAg81TMj,ホテルフロント・ベル,Active,-,正社員,試用期間あり 3ヵ月,長崎県,⻑崎県佐世保市ハウステンボス町,,"【基本給】
■⾼校卒︓153,000円〜240,000円
■専⾨卒︓164,000円〜240,000円
■⼤学卒︓176,000円〜240,000円
※基本給は年齢・経験に応じて異なります
【⼿当】
■時間外⼿当
■通勤⼿当︓別途⽀給（制限あり）
【その他⼿当】
・深夜勤務⼿当
【賞与】
・年2回（7・12⽉）業績・評価により⽀給","ハウステンボス直営ホテルとなる、
「ホテルヨーロッパ」「ホテルアムステルダム」でのフロント・ベルの業務を行っていただきます。

【フロント】
■チェックイン業務
■チェックアウト業務
■インフォメーション対応

【ベルサービス】
■お客様の手荷物のお手伝い
■お部屋までのご案内
■ホテル館内でのおもてなし業務全般","・「ハウステンボス のパーパス」へ共感していただける⽅
・コミュニケーション能⼒のある⽅

【優遇経歴】
実務経験者優遇","シフト制（以下シフト例）
①7:30〜16:00
②10:00〜18:30
③11:00〜19:30
④12:00〜20:30
⑤13:00〜22:30
⑥23:30〜7:00
⑦0:30〜8:00
（シフト制／実働7.75時間、休憩60分）","・年間104⽇（1年単位の変形労働制） 
・年次有給休暇 
・特別休暇（結婚・忌引等） 
・産前産後／育児休暇 
・介護休暇",あり(時間外手当あり),-,"【研修体系】
●⼊社研修︓
現場への配属前に2⽇間の⼊社研修を⾏っております。ビジネスマナーからハウステンボスの基礎知識を学んで頂きます。
●マネジメント研修︓
昇格試験などで役職が上がった⽅を対象に管理職向けのマネジメント研修を実施。
●救命講習／防災研修︓
救命処置やAEDの使い⽅、緊急時の 対応について学びます。
【福利厚⽣】
●本⼈の⼊場無料︓
在職中は、おしごとがない⽇も場内⼊場・施設利⽤無料（休⽇利⽤可）
●ご家族年パス無料︓
ご家族（1親等）年間パスポート無料（社会保険加⼊6カ⽉から）
●⼊場割引券を配布︓
⼊場チケット30％割引券を年間で10枚配布
●ホテル特別料⾦︓
直営ホテル特別料⾦で宿泊可
●場内飲⾷30％オフ︓
内飲⾷（レストラン・ファストフード）30％オフ（同伴者も含む）※⼀部利⽤不可店舗有
●場内物販20％オフ︓
場内物販（ショップ）20％オフ ※⼀部利⽤不可店舗有
●社員⾷堂利⽤可︓
⽇替わりランチ（350円）、カレーライス（300円）のメニューがございます。
●保育園特別価格︓
ハウステンボス保育園特別価格で利⽤可","敷地内禁煙
(屋内喫煙可能場所あり)",-,,,,,-,-,"▼対面面接
ハウステンボス(佐世保市ハウステンボス町)で実施致します。
面接案内時に地図をお送りします。

▼リモート面接
インターネットの環境があればどこの場所からの面接参加でも対応可能となります。",,,,,,,,,,,ハウステンボス株式会社
sewa-2025122923,fJRc1CMp5hCPOMAQXExn,エスパシオ名古屋/技人国/調理事務/ミャンマー,Active,調理事務・通訳・翻訳,正社員,無期雇用 ※試用期間:3ヶ月(労働条件の変更なし),"エスパシオ,ナゴヤキャッスル,〒451-8551,愛知県名古屋市西区樋の口町3番19号,■名古屋市営地下鉄鶴舞線「浅間町駅」より徒歩で約10分",,,"月給　
基本180,000円～420,000円
[経験により優遇][試験期間あり]

昇給：年1回　/　賞与：年2回","ホテル経営を支えるバックオフィスから従業員をサポートするお仕事です。

【経理/購買】
■書類整理、管理
■経費精算
■備品管理、発注
■現金出納業務
■電話、メール対応
■労務管理 など

【通訳・翻訳】
■ミャンマー人社員の通訳・翻訳業務","■大学卒、専門学校卒
■ビルマ語（ミャンマー語）ネイティブ
■技術・人文知識・国際業務ビザ保有者
■未経験歓迎
■経験者優遇
■ブランクOK
■第二新卒歓迎

<求める人物像>
*接客が好きな方
*元気でやる気のある方
*笑顔でおもてなししていただける方
*チームワークで働くのが好きな方",所定労働時間 1日 7.5時間（シフト制）,"■公休
月9日　年間計108日

■ 有給休暇
初年度10日　2年目以降11～20日

■その他
特別休暇、慶弔休暇、産前産後休暇あり",あり,健康保険・厚生年金・雇用保険・労災保険,"【交通費】
■当社規定支給（50,000円/月　まで）

【福利厚生】
■各種社会保険完備（健康・雇用・労災・厚生年金）
■従業員食堂
■研修制度
■資格取得報奨制度
■競技・大会・コンクール参加支援制度（当社の定めた競技・大会・コンクールのみ）
■社内割引制度
■制服貸与
■定期健康診断

【研修制度】
新入社員研修
（ビジネスマナー、食品衛生、防火・防災訓練、テーブルマナーなど）、若手社員フォローアップ研修、
全社員研修、階層別研修、専門コース研修　など",屋内専用喫煙室あり,,,,,,-,問わない,書類選考→面接（オンライン・対面）→内定,,,,,,中途可,,,,,エスパシオエンタープライズ株式会社
sewa-2025122924,9JXmyUyryiEZDFc5ilna,＜未経験スタート活躍中！＞ホテルのフロント・ラウンジサービス業務,Active,"観光業の盛り上がりとインバウンドの復活を受け、業績は右肩上がりでアップ中！今後も多くの
お客様に充実したサー ビスを提供すべく、複数名の方を増員します。",正社員,"期間の定めなし
使用期間：3カ月 ※試用期間の待遇・給与に変更はありません。","北海道,千葉県,兵庫県,広島県","・札幌グランドホテル 
・鴨川シーワールド 
・神戸須磨シーワールド 
・ホテルインターゲート広島 ",,"【大学院卒・大卒】 
①＋②：213,000円～171,000円 - ①基本給：168,000円 - ②諸手当：45,000円～3,000円(*) 
【短大卒・2年制専門学校卒・高校卒】 
①＋②：201,000円～159,000円 - ①基本給：156,000円 - ②諸手当：45,000円～3,000円(*) 
(*)諸手当： - 都市手当：35,000円～0円 ※勤務地によって支給の有無、支給額が異なります。 - 食事手当：10,000円～3,000円 ※※勤務事業所（従業員食堂の有無等）によって支給額が異
なります。 - 他、時間外勤務手当、深夜業手当、家族手当、転勤者家賃補助手当等 
◎賞与：会社業績により支給 
◎昇給：原則年1回","海外の方の従業員数は全体の1/3もあり、教育体制も充実してます！ 
【安定】 
地域密着で幅広い事業を展開！基盤に安心感◎ 
【特徴】 
宿泊プランの企画など様々なことにトライできる環境です。また会社自体が幅広い事業を展開しているためキャリアパ スも多彩。将来の可能性を広げながら活躍したい人に最適です 
【募集コース】 
-総合職 
中⾧期的に様々な事業所や部門を経験し、オペレーションスキルを養い、ゼネラリストを目指す人材。 
組織運営上の必要性及び本人のキャリアアップを目的に全国の事業所での経験も視野に入れた人材を求めます。
-営業職 
宿泊:フロント、宿泊予約、客室管理、ロビーサービス、コンシェルジュ など 
レストラン・売店（ホテル・水族園・ハイウェイレストラン）:レストランサービス、レセプション、会計業務 など 
-施設管理 
ホテル内の客室やレストラン、水族館等、全国事務所の設備・施設の維持管理業務や電気、水道設備の点検、設備保 全維持点検等、ファシリティ管理のプロフェッショナルを目指せます。 
-調理食 
洋食調理、中華調理、和食調理、製菓調理","【こんな方にピッタリです】 
◎初めて日本で働く方 
◎笑顔でコミュニケーションが取れる方 
◎お客様と接することを楽しめる方 
◎国内外のお客様に対し、日本の魅力を伝えてみたい方 
◎チームワークを大切にできる方 
◎新しいことに挑戦するのが好きな人","１日実働平均 8時間（シフト勤務） 
※変形労働時間制 
＜シフト例＞※各ホテル、職種によって採用する勤務時間制が異なります 
●レストランサービス／7:00～23:00内のシフト制 
●フロント／9:00～18:00、13:00～21:00 
●宿泊予約／9:00～18:00","年間休日108日（公休月9日※事業所によって異なる・シフト制） 
年次有給休暇 ※入社時に付与 
特別休暇（結婚、出産、忌引、転勤・出向など） 
◎希望休3日あり／連休取得OK","時間外労働：あり（平均実績：5～10時間） 
原則定時退社",健康保険・厚生年金・雇用保険・労災保険 ,"【教育】 
各種研修が充実！段階的に成⾧できる環境 
【福利厚生】 
財形貯蓄 
団体生命・損害保険 
社員食堂（一部の事業所を除く） 
社員・家族割引利用制度 他 
【寮】 
一部事業所完備",敷地内禁煙（屋内喫煙可能場所あり）,日本語能力検定：N3以上,,,,2026-03-31,"観光業の盛り上がりとインバウンドの復活を受け、業績は右肩上がりでアップ中！今後も多くのお客様に充実したサー
ビスを提供すべく、複数名の方を増員します。",30歳未満(ただし経験による。ホテル経験があれば相談可),"書類選考→一次面接→最終面接→内定 
新卒のみSPIあり（国語、類義語・対義語、算数、足し算引き算、性格診断）",,,,,,新卒可・中途可,,,ビザ申請費用：会社負担割合は要確認,,株式会社グランビスタ ホテル＆リゾート
sewa-2025122925,DfcLETSKIc2xmSxBqGbC,住友不動産ヴィラフォンテーヌ/技人国/総合職,Active,,正社員,無期限（使用期間6カ月は有期雇用。待遇変更なし）定年60歳（定年後の嘱託再雇用制度あり）,"東京都,大阪府,京都府,兵庫県,静岡県","■東京エリア:羽田、有明、汐留、六本木、田町、浜松町、八丁堀、茅場町、日本橋箱崎、日本橋三越前、上野御徒町、大手町、神保町、九段下、新宿、芝公園 

■近畿エリア:大阪梅田、京都(四条大宮)、神戸(三宮) 

■伊豆エリア:伊豆高原 

■本社:新宿 

◎配属については、各ホテルもしくは本社のいずれかとなります。 
※当社の管轄する全ての事業所の範囲において、勤務地の変更を命ずることがあります(転居を伴うものを含む) 

◎転勤　ホテル及び本社間 エリア間の異動あり",,"■基本給月額/20万円~21万円 
◎経験や能力などを考慮した上で決定いたします。 
■賞与:年2回 ※試用期間満了後(査定による) 
■昇給:年1回※試用期間満了後(査定による) 
■手当:時間外勤務手当・深夜勤務手当・店舗手当・リーダー職手当※・管理職手当※ 

※リーダー職手当/主任:6万円(固定残業代相当額:約30時間分5.3万円を含む) 

※リーダー職手当/係長:10万円(固定残業代相当額:約40時間分8万円を含む) 

※管理職手当/15万円(深夜勤務手当相当額:約30時間分1.85万円を含む) 

※固定残業代相当額は勤務の有無に関わらず固定額を支払い、超過する場合は別途差額を支給する 

【年収例】日勤・夜勤 各6ヶ月の場合 
一般　345万円 2年目 24才 月給20万円+店舗手当+時間外勤務手当+深夜勤務手当+賞与

主任(フロントチーフ) 435万円 4年目 27才 月給27.5万円(リーダー職手当含む)+店舗手当+深夜勤務手当+賞与 

係長(アシスタントマネージャー) 513万円 8年目 34才 月給32万円(リーダー職手当含む)+店舗手当+深夜勤務手当+賞与
 
課長(マネージャー)650万円 11年目 42才 月給40万円(管理職手当含む)+賞与 

通勤交通費：実費支給 ※伊豆エリアに限りマイカー通勤可。ガソリン代は社内規定により支給。","■ホテルフロント業務
フロント接客・予約・問い合わせ対応および付帯業務/バンケット/コンシェルジュ 観光案内/安全管理等ホテル運営業務全般 

■ホテル本社業務
販売計画立案・実施/レベニュー/営業/広告企画/商品企画/料飲/コールセンター/総務・人事 等ホテル企画・運営・管理業務 他 

■複合施設の企画・運営業務
温浴施設/レストラン/バレー/イベントホール/商業施設/バスターミナル/等の各企画・運営・管理業務 他 

■新規ホテル開発業務
事業計画・建築計画作成/新商品開発/市場調査/開業準備/設備計画 他 

※入社後は、主に『ホテルフロント業務』を経験し、その後、適性を見た上でキャリアアップ/チェンジを考えていきます 
※仕事内容は、会社の指定する業務に変更することがあります。",,"■ホテルフロント勤務(1か月単位の変形労働時間制) 
【日勤】※休憩1時間 
◎9:00~18:00
◎13:00~22:00他 
【夜勤】※休憩2時間
◎18:00~翌朝9:00
◎22:00~翌朝11:00 他 

■本社勤務 9:00~18:00他","公休
【ホテルフロント勤務 ※土日祝勤務も有り】非管理職:年間105日/管理職:土日祝の日数
【本社勤務】週休2日制(土日祝) 
有給休暇：年間20日(初年度は入社日に応じて按分された日数が半年経過後に付与されます。※1月1日基準)慶弔休暇 産前産後休暇 他 
◎年に1度は、公休含め1週間以上の休暇(有給)を取ることを推奨しています。 

◎育休復帰後、日勤のみのシフトや時短勤務での働き方も可能。 

◎育休から復帰する社員も多く、長く安定して働けます。産前産後休暇100%取得(2023年度実績)",ー,健康保険、厚生年金保険、雇用保険、労災保険,"研修：新人研修(約10日間)、フォローアップ研修(接遇英語研修、階層別研修等)、コンプライアンス研修、防災訓練ほか

自社施設宿泊 社員優待あり(ホテル、ホテル内のレストラン、温浴施設) 
保養所(軽井沢) 
社員持株会 ※住友不動産株式会社 
制服貸与(クリーニング代会社負担)、ロッカー貸与 
資格補助 ※自衛消防技術試験・上級救命講習等 
健康診断 
結婚お祝い金 
借上社宅制度 ※転居を伴う転勤の場合他",屋内禁煙,"不問。語学の習得に意欲的な方であれば、現時点での語学力は問いません。 
すでに語学力(英語・中国語ほか)をお持ちの方は、外国人のお客様が多い店舗へのホテルなど活躍のフィールドが広がります。",,,,2026-03-31,お客様のインバウンド比率が70〜80%で、羽田空港のホテルが特にニーズが高い,35歳以下,書類選考→ 1次面接→ 適性テスト→ 2次面接,,,,,,中途のみ可,,,,,住友不動産ヴィラフォンテーヌ
sewa-2025122926,I5M0kxSDoPtUHrTtw9wD,中の坊/特定技能/調理師,Active,ホテル業務,,長期（１年以上）,有馬グランドホテル,,,"月給250,000円
【内訳】基本給：199,000円/固定時間外手当：51,000円（35時間分）
　※35時間以上の残業については別途時間外手当を支給
◆賞与有り※勤続6ヵ月以上で固定賞与20万円
◆昇給あり※年1回（6月）","ホテルで提供する日本料理（和食）の調理師の仕事です。
《具体的には》リゾートホテルタイプの旅館にて日本料理の調理業務全般
※面接時に、もっと具体的な内容や勤務条件など詳しくご説明いたします。","特定技能(外食)所持

◆調理経験不問
調理経験あれば尚よし
調理師免許あれば尚よし","週5日以上 、 1日8時間以上
朝～昼 、 夕～夜

【勤務時間】就業部署により下記の2パターンあり
パターン①
[１]6：00～10：30（30分休憩有）　[２]15：00～19：15（30分休憩有）
※[１]と[２]の間は中抜け

パターン②
[１]9：00～14：00（30分休憩有）　[２]16：30～20：15（30分休憩有）
※[１]と[２]の間は中抜け
※休憩時間60分
※時間外あり：月30～40時間","・週休2日制（月7～9日）
・年間休日100日
・慶弔休暇
・年次有給休暇(6ヶ月経過後：10日)など","繁忙期（3月・8月・11月）は50～60時間、閑散期は10～20時間、年間平均40時間
時間外35時間以上発生時は、別途時間外手当を支給します。",健康保険・厚生年金・雇用保険・労災保険,"【諸手当】
時間外手当（35時間以上の残業に対して支給）、休日出勤、深夜手当
通勤手当(毎月40,000円まで)、住宅手当
家族扶養手当、役職手当、退職金制度(勤続3年)

【保険】
健康保険、厚生年金保険、雇用保険、労災保険

【福利厚生】
住宅資金融資制度、社内預金制度、
家族宿泊割引制度（平日の場合…本人負担5割、親・祖父母負担6割）
提携旅館宿泊割引制度
食堂あり（1食100～300円）
社員旅行（年1回、国内最高級ホテルに宿泊）
ワンルームマンションタイプの独身寮完備
　※寮費は1万～1万4000円／月
　※寮光熱費　4,000円～5,000円／月（実費個人差あり）

【教育制度】
受入前研修、部門別研修、OJT教育
食品衛生講習会、資格検定受験助成制度",屋内禁煙,,,,,,体制強化のため、日本で長期間の就業を考えている調理スタッフ募集,問わない,"書類選考→面接(1~2回)→内定
※選考ステップは変更になる場合もございますので、ご了承ください。",,,,,,新卒可・中途可,,,,,株式会社中の坊
sewa-2025122927,fJRc1CMp5hCPOMAQXExn,エスパシオ名古屋/特定技能/調理師,Active,ホテル 和食レストランの調理師,正社員,無期雇用 ※試用期間:3ヶ月(労働条件の変更なし),,,,"月給 178,000円~428,000円

理論年収:2,490,000円~5,990,000円 賞与年間2.0ヶ月含む)
※所有資格・経験年数・経験スキルにより優遇
年1回昇給 / 年2回賞与(業績連動)人事考課による","【ホテルの和食レストランや宴会の調理師】

名古屋観光ホテルのレストランや宴会にて和食の調理や調理補助などの調理に関わる業務全般を担当していただきます。
ホテルでの調理師経験がある方大歓迎です!ホテル以外での調理経験者の方も歓迎します。

具体的には...
食材の仕入れ仕込み、料理盛り付け、調理器具メンテナンス、安全衛生管理など、調理全般を手がける役割を担います。
料理の技術はもちろんのこと、
一皿でお客様の心を掴めるような創意工夫も求められます。
詳しくは面接時にお気軽にご相談くださいね。

経験の浅い若手の調理スタッフでも、
やる気があればどんなことでも力を発揮していただける環境をご用意しています。
新しい環境で大きな飛躍をしてみませんか?
私たちと一緒にお客様の感動を創り上げていきましょう♪


【経験者優遇】
常に上質なサービスと伝統のお料理でおもてなしを提供するホテルであなたの調理師経験を活かしてみませんか。

【職場の雰囲気】
国内外の富裕層をターゲットに、ラグジュアリーな施設で最高のおもてなしを提供できるよう、新しい方の力を必要としております。

▼こんな人を求めています
【エスパシオエンタープライズ株式会社より】
当社は名古屋市に本社のある企業でして、名古屋では歴史あるホテル「名古屋観光ホテル」を運営しております。
国内外の富裕層をターゲットに、ラグジュアリーな施設で最高のおもてなしを提供できるよう、新しい方の力を必要としております。

積極採用中ですので、経験者含め未経験者の方も大歓迎です。
あなたの経験を生かし、名古屋観光ホテルと共にさらなる成長を目指してみませんか。","・経験 調理経験1年以上
・経験者優遇
▼ホテルや結婚式場、レストラン等での和食調理経験のある方優遇
▼調理師免許保有の方優遇","シフト制(実働7.5時間・休憩1時間)

・配属場所により夜勤あり
・時間外労働あり 月平均10時間※配属先により異なる","月間:9日間
年間:108日間
初年度 年次有給休暇10日間(入社時に付与。ただし1月~3月入社時は0日)
産休・育児休職 介護休職制度有り",あり,健康保険・厚生年金・雇用保険・労災保険,"■借上寮・社宅制度あり(年齢等条件あり)
■研修制度
■資格取得報奨制度あり
■社内割引制度あり
■通勤手当(月50,000円迄 6ヵ月定期代金相当額)
■資格手当
■単身赴任手当
■制服貸与
■定期健康診断

＜各種研修について＞
入社後も、さまざまな研修をご用意しています。

■若手フォローアップ研修
■階層別研修
■資格取得支援制度（資格取得者に対し一部報奨金有り）
■資格手当の拡充
■ジョブキャリとして、配置転換することでマネジメントや、
専門職としての実務職への選択が可能となります。",屋外喫煙,,,,,,-,20代～30代活躍中,-,,,,,,,,,,,エスパシオエンタープライズ株式会社
sewa-2025122929,qAO3GPnUDvzBKfJxkH6O,ROKU KYOTO/技人国/フロント,Active,ホテル フロント,正社員,期間の定めなし（試用期間：6カ月　※期間中の給与・待遇面に変更なし）,京都府京都市,,,"■ホテル業界や接客業のご経験がある方■
【全国転勤可（転居を伴う異動あり）】
月給23万円～31万7400円
【地域限定（通勤圏内での転勤の可能性あり）】
月給20万円～28万7400円

■接客業が初めての方■
【全国転勤可（転居を伴う異動あり）】
月給22万3200円～31万7400円
【地域限定（通勤圏内での転勤の可能性あり）】
月給19万3200円～28万7400円

【その他給与にプラスしてもらえる手当・インセンティブ】
・早出残業手当※1分単位で支給
・深夜加給手当
・休日出勤手当
・通勤手当
・事業所手当
・資格手当
・職種手当
・業務手当
・夜勤手当
・中抜け手当

▼会社の規定に基づき支給
・賞与
年2回＋東急グループでの決算賞与有※所属する働き方により金額が異なる場合がございます。

・昇給
年1回","【お仕事内容】
■ご宿泊予約の受付・確認
■チェックイン・アウト対応
■各種お問い合せへの対応
■PCによる事務作業
■宿泊プラン作成
■客室の点検・管理　など


【1日のスケジュール例】
▼ 9：30　業務開始
▼10：00　チェックアウトの準備／片付け・忘れ物のチェック
▼11：00　休憩
　---------
▼12：00　ルームチェック・清掃確認
▼13：00　チェックインの準備
▼15：00　チェックイン開始
▼17：00　客室のチェック
▼18：30　業務引継ぎ


＼一流の接客スキルを学べます／
いきなりすべての業務をお任せすることはありません。入社後まずはOJTで、基礎となる所作・マナーを指導していきます。
着実に成長していけるよう、本部スタッフや先輩たちが丁寧にフォローしていくので、安心して飛び込んで来てください。","＜MUST＞
日本語レベルN2以上の方
英語が話せる方（日常会話レベル以上）

＜下記の方を募集中です！＞
・接客の仕事に挑戦したい
・安定企業で長く、安心して活躍したい
・スキルアップが叶う環境で働きたい
・英語力を活かしたい方

接客の基礎から世界水準のスキルまで、着実にステップアップできる教育・研修制度をご用意していますので、
安心して長く働くことができます！

※ホテル業界の経験をお持ちの方、第二新卒の方や社会人経験10年目以上の方も歓迎","■9：30～翌11：00の間でのシフト勤務（実働8時間　休憩60分)

＜シフト例＞
・日勤①／9:30～18:30　実働8時間のシフト制勤務（休憩1時間)
・日勤②／13:00～22:00　実働8時間のシフト制勤務（休憩1時間)
・夜勤／17:00～翌11:00　実働14時間30分のシフト制勤務（休憩1時間30分）

※月により夜勤回数の前後あり
※平均残業時間20時間前後","【年間休日】
112日

【休日・休暇】
■シフト制／月8日～10日間程度の休日

慶弔休暇、有給休暇、産前・産後休暇、育児休暇
介護休暇、積立休暇、看護休暇、生理休暇、結婚休暇、ボランティア休暇、特別休暇、災害休暇　など",あり（月平均20時間前後ほど）,健康保険・厚生年金・雇用保険・労災保険,"・社会保険完備（雇用・労災・健康・厚生年金）
・東急共済組合（医療給付金、協定保養所補助）
　月3000円以上の医療費は翌々月に全額共済より支給があります。
・傷病手当
・自社運営施設の割引利用（ホテル・ゴルフ・スキー）
・持株会制度
・資格取得支援
・研修制度充実

※以下、組合加入1年以上の方が対象
・結婚祝金5万円
・出産祝金3万円
・子育て支援金2万円（子どもが3~5歳の誕生日を迎えた時に毎年支給されます）
・入学祝金3万円
・勤続祝金1万円
・銀婚祝金1万円
・保養所：190施設

【その他】
【積立休暇制度】
通常期限切れになると、失効してしまう有給休暇を弊社では積み立て休暇という名で最大90日間蓄積が可能！
家族のイベントやもしもの時にも安心してお休みいただけます！


この他にも様々な場面で福利厚生をご用意しております！",屋内禁煙,,,,,,"昨今はインバウンドの需要がさらに加速しており、海外のお客様のご利用も増えております。

当社の今後のより大きな発展のためにも、日本らしさを持ちつつも、
グローバルな環境へと変化していくべきと考えています。

私たちは、皆さんの挑戦したい思いを精一杯応援します！
キャリアアップ・スキルアップ大歓迎！
ライフステージの変化があっても、安心して長く働いていただけます。

ぜひ私たちと一緒に、地域の魅力を全国に、そして世界に発信していきませんか？",35歳以下,"STEP1：書類選考
↓
STEP2：一次面接
↓
STEP3：適性検査
↓
STEP4：最終面談
↓
STEP5：内定

※状況により変動あり",,,,,,中途のみ可,,,,,東急リゾーツ＆ステイ株式会社
sewa-2025122930,uBwr3pyzMmz6itJvAqlT,海外からの技能実習生受入れサポート/名古屋,Active,,正社員,雇用期間の定めなし,愛知県名古屋市中区,,,"月額(a+b)
230,000円~ 300,000円","・外国人技能実習生受入れにかかる業務
・外国人技能実習制度の普及業務
・その他事務所内における附帯業務
・インドネシア語を使用した通訳、翻訳業務
・お客様訪問、送迎(社有車・カーシェア)","大学卒以上/母国で大学卒または日本で専門卒以上
必要な経験・知識・技能等必須
インドネシア語の通訳・翻訳(ビジネスレベル)
マイクロソフトオフィス Word、Excel、Teams、Outlookでの作業
日本語検定2級
普通自動車免許AT限定可","(1) 09時00分~18時00分
(2)
(3)
又は 05時 00分~23時00分の間の8時間程度","土日祝日 その他
週休二日制 毎週",時間外労働あり 月平均 20時間,雇用 労災 健康 厚生,退職金共済,あり (屋内禁煙),,,,,令和7年12月31日,,"年齢制限あり (18歳~59歳)
年齢制限該当事由 定年を上限","書類選考
面接(予定 2回)
筆記試験
その他",,,,,,,,,"*賃金は経験・能力を考慮して決めさせて頂きます。
*試用期間は2ヵ月(同条件)
試用期間は1ヵ月に限り、延長することができる。
*外国人(N2以上)も日本人の方も応募歓迎します。
※特に質問等無ければ事前連絡は不要です。
選考結果は追ってご連絡いたします。",,公益財団法人 国際労務管理財団
sewa-2025122931,ydkEcGHrVyThNiO7Wi4t,ジーユー/技人国/販売,Active,"インバウンドの売上増に伴い、多言語スピーカー採用を強化 
外国人観光客やお客様が多く、外国語での接客・営業をする機会が多い。 
同じ国や地域の従業員との母国語のコミュニケーションによる業務円滑化を図りたい。 ",Other,準社員（長期雇用を前提としています）,,勤務地は全国のGU各店舗となります。配属先は応募時に希望を考慮し、決定されます。,,"時給 1400 円~
※店舗により異なる","インバウンド顧客担当スタッフ 
通常業務：接客・販売／レジ／商品整理・補充／お客様の案内など 
インバウンド業務：外国人スタッフ教育・管理など 

具体的な業務内容
・フロアでの通訳対応、接客アシスタント(接客、商品説明等) 
・キャッシャー業務(レジ、ラッピング等) 
・バックヤード業務(在庫管理・商品補充等)","日本語レベルN2以上の方
英語・中国語・韓国語をお話せる方大歓迎
高卒以上 ※早朝や午前中に勤務できる方・土日両方勤務できる方は積極採用中","7:00~23:00
週 4 日以上、1 日 6~8h
月間 100h 以上

※時間・曜日は相談に応じます。
※店舗により異なる","シフト制

週休 2 日制で、勤務日は週 4~5 日(月 100 時間以上)となります。","1日8時間以上、または週40時間以上勤務した部分については、時間外手当として25％の
割増賃金が支給されます。 
深夜22時～翌朝5時までの勤務については、深夜残業手当として25％の割増賃金が支給さ
れます。",健康保険・厚生年金・雇用保険・労災保険,"〇交通費支給 
実費支給（上限あり）。通勤にかかる費用がカバーされます。 
〇社会保険完備 
健康保険、厚生年金、雇用保険、労災保険に加入。 
〇社員割引制度 
GUやユニクロの商品を社員割引価格で購入可能。 
〇教育・研修制度 
オンラインや店舗での研修を通じて、業務スキルを学ぶ機会が提供されます。 
〇有給休暇 
入社6か月後に法定通り付与（勤務時間に応じて）。 
〇産前産後休業・育児休業制度 
該当者には制度利用が可能。 
〇正社員登用制度 
勤務状況や実績に応じて、正社員へのステップアップのチャンスあり。 
〇深夜・時間外・休日手当 
労働基準法に基づく割増賃金が支給されます。 
〇資格取得支援制度（該当する場合） 
業務に関連する資格の取得を支援。 
〇健康診断 
定期健康診断の実施（一定の勤務時間条件を満たす場合）。

待遇正社員登用あり/社員割引あり/通勤手当支給（規程あり）/昇給昇格制度（年4回）/残業
手当/社会保険完備（規定あり）/有給休暇制度/産休育休制度/研修",※勤務地により異なる,"英語または中国語まだは韓国語が話せる方（目安：ビジネスレベル） 
日本語でスタッフ間のコミュニケーションが取れる方（日本語の読み書きスキルは問いませ
ん） ",,,,,"インバウンドの売上増に伴い、多言語スピーカー採用を強化

外国人観光客やお客様が多く、外国語での接客・営業をする機会が多い。
同じ国や地域の従業員との母国語のコミュニケーションによる業務円滑化を図りたい。",問わない,履歴書提出→面接 1 回,,,,,,,,,,,株式会社ジーユー
sewa-2025122933,cNhLEn5AENZ5cmjPNEIr,マルベリー/技人国/販売,Active,販売スタッフ,正社員,試用期間あり (条件変更なし),,,,"年収300万～　
※経験者の方は優遇","英国を代表するブランド「Mulberry マルベリー」
時代を超えて愛されるタイムレスなデザインと高いクォリティのバッグ、アクセサリーが展開されています。

ひとつひとつ丁寧に仕立てられたマルベリーのブランド商品。
その魅力をお客様にお届けするお仕事です。

お任せするのは
・接客販売
・レジ業務
・商品補充・ディスプレー
・商品の入荷チェック、返品作業
・売上・商品・顧客管理等

きちんとした接客が求められる場だから、働きながら正しいマナーやコミュニケーション能力が身につきます！
ハイブランドや流行などに関する知識も自然と身につき、ファッションに詳しくなっていく過程が嬉しいと語るスタッフもいますよ！","▼必須要件
日本語N2以上
中国語が話せる方or英語が話せる方

【求める人物像】
・マルベリーのブランド・商品が好きな方
・お客様からのニーズを会話の中でうまく引き出しができる方
・チームワークを大切に働ける方
・前向きで明るい方
・能動的に動ける方","土日祝含むシフト制　週5日勤務（完全週休2日）
1日あたりの実働時間：7.5時間（休憩1.5時間）

シフト例
・09時30分～18時30分
・11時30分～20時30分","シフト制
週5日勤務（完全週休2日）",あり,健康保険・厚生年金・雇用保険・労災保険,"・制服貸与
・華美でなければ髪色や髪型自由
・ネイルOK
・研修制度あり
・交通費支給 ※規定あり
・社会保険完備",店内禁煙,,,,,,-,問わない,"書類選考 → 面接→ 内定
※状況により選考フローが変更になる可能性がございます。",,,,,,,,,,,マルベリージャパン株式会社
sewa-2025122934,G7J1U215tWQgnRxkBxht,リゾートトラスト/技人国/フロントベル,Active,"【""ザ・カハラ・ホテル&リゾート 横浜” とは】 
世界の名門リゾートとして愛される「ザ・カハラ」 
歴代の米国大統領や各国の国賓、 数々のハリウッドセレブリティを魅了してやまない、世界中に
君臨し続けたその唯一無 二なホスピタリティーとおもてなしが自慢のホテルです。  
メディアにも数多く取り上げられ、 活気あふれる3つのレストランが協奏する至福のご馳走とトッ
プ・バーテンダーが織りなすカクテルを手に、眼前に広がる横浜港の景勝と至福のひと時をご提
供いたします。  
<企業の特徴>  
プライム市場上場、 会員制リゾートホテル業界のリーディングカンパニーです。 
ホテル業界の中で業績を伸ばしている 数少ない企業のひとつであり、業績好調を背景として、 
海外新規事業やM&Aなど業務拡大を続けています。 
今後も主要事 業を活かして、 海外事業や新規事業とともに会社も成長を続けていきます。  
合同説明会や学内企業説明会などで休日での出勤が発生する可能性がありますが、  
振り替え休日取得率100% (月内消 化)で年間休日120日、 残業20時間程度とワークライフバランスを整えた働き方ができます。  
当社で活躍いただけるメンバーをお待ちしております！",正社員,"試用期間 3か月
試用期間中の待遇条件の変更はなし",神奈川県,"神奈川県横浜市西区みなとみらい一丁目1番3号  
ザ・カハラ・ホテル&リゾート",,"月給：235,100円〜294,600円 
※超過勤務手当・各種手当別途支給 
※経験・能力により決定 
【賃金形態】月給制  
※年収には諸手当を含んでおりません。  
※賃金はあくまでも目安の金額であり、 選考を通じて上下する可能性があります。 
【昇給】年1回6月 (給与更改)  
・残業手当 残業代(全額)  
・賞与年2回(7月・12月)","■業務内容
横浜のラグジュアリーホテル”ザ・カハラ・ホテル&リゾート 横浜” にて、フロント・ベル業務をお任せいたします。 
ホテルの仕事の中でも、フロント・ベルスタッフはお客様と接する機会の多いセクションで、ホテルの顔とも言われる重 要な役割を担っていただきます。 
※社内掲示板や媒体・メディアに掲載される場合もあります。 

■業務詳細
・チェックイン、チェックアウト業務 
・荷物の運搬や保管 
・客室への案内 
・客室の説明 
・タクシーなどの手配 
・郵便物、 宅配便の管 
・観光スポットの案内など","・ホテルまたは飲食店での接客経験がある方 
・英語がネイティブレベルの方 
・日本語レベルN2以上の方
・学歴大卒以上","シフト制 
18:00-16:00 
11:00-19:00
 
※夜勤の可能性があります。  
休憩時間:60分","■休日  
・年間休日 120日  
・有給休暇 10日~20日 (下限日数は、入社半年経過後の付与日数となります) 
■休暇  
・年末年始休暇、育児休暇、介護休暇、慶弔休暇  
・週休2日制、 シフト制  
・育休取得実績あり 育休後復帰率100%)","▼残業時間
月平均20時間 
※夏季、年末年始の繁忙期は残業時間が30~40時間程度になります。",健康保険・厚生年金・雇用保険・労災保険,"・寮(月3万円の自己負担 ※住宅手当は対象外)  
・勤務地限定制度  
・選択制確定給付企業  
・年金  
・就労復帰支援 (GLTD)制度  
・育児休業制度  
・出生時育児休業制度  
・短期育児休業制度(はぐくみ休暇)  
・短時間勤務制度  
・介護休業制度、介護休業補償制度  
・通信教育費(在籍期間内に修了した場合、一律70%会社負担)  
・カフェテリアプラン (選択型福利厚生制度/40,000円分のポイントを毎年付与)  
・社運営施設の優待利用  
・通勤交通費(一部)  
・退職金有  
・住宅手当 
・その他手当  
・通勤交通費支給(上限月150,000円 ※社規程による)  
・住宅手当(月24,000円 ※社規程による)  
・資格手当  
・超過勤務手当",屋内禁煙,"・英語がネイティブレベルの方  
・日本語レベルN2以上の方",,,,,"【""ザ・カハラ・ホテル&リゾート 横浜” とは】
世界の名門リゾートとして愛される「ザ・カハラ」
歴代の米国大統領や各国の国賓、 数々のハリウッドセレブリティを魅了してやまない、世界中に君臨し続けたその唯一無 二なホスピタリティーとおもてなしが自慢のホテルです。 
メディアにも数多く取り上げられ、 活気あふれる3つのレストランが協奏する至福のご馳走とトップ・バーテンダーが織りなすカクテルを手に、眼前に広がる横浜港の景勝と至福のひと時をご提供いたします。 

<企業の特徴> 
プライム市場上場、 会員制リゾートホテル業界のリーディングカンパニーです。
 ホテル業界の中で業績を伸ばしている 数少ない企業のひとつであり、業績好調を背景として、 海外新規事業やM&Aなど業務拡大を続けています。
今後も主要事 業を活かして、 海外事業や新規事業とともに会社も成長を続けていきます。 

合同説明会や学内企業説明会などで休日での出勤が発生する可能性がありますが、 
振り替え休日取得率100% (月内消 化)で年間休日120日、 残業20時間程度とワークライフバランスを整えた働き方ができます。 


当社で活躍いただけるメンバーをお待ちしております！",35歳以下,"書類選考→面接2回→内定
※適性テストの実施の可能性あり",,,,,,,,,,,リゾートトラスト株式会社
sewa-2025122935,779eSaveTXZKujNnMWQY,THE GATE HOTEL/技人国/フロント/【開業メンバー募集！】,Active,新規開業に伴い、オープニングスタッフを募集！,正社員,試用期間：なし / 定年齢：60歳/再雇用：あり,"札幌：北海道札幌市中央区北三条西3丁目1-44ヒューリックスクエア札幌,2027年に全国社員かエリア社員を選んでいただきます。全国社員の場合,転勤が発生いたします。","THE GATE HOTEL 札幌 by HULIC 札幌
札幌：北海道札幌市中央区北三条西3丁目1-44ヒューリックスクエア札幌 
2027年に全国社員かエリア社員を選んでいただきます。全国社員の場合、転勤が発生いたしま
す。",,"月給：240,000円 〜 281,000円
固定残業：なし
賞与：年2回（夏、冬）※賞与は業績連動制となります。

【年収例】
●年収370万円（24歳）
●年収400万円（27歳）
※賞与を含んだ金額です。賞与は業績連動制となります。","【　フロントのお仕事　】
■フロント業務
┗チェックイン/チェックアウトに伴う各種手続きや会計
┗ホテル内の情報に留まらず、観光や飲食店など幅広い情報の提供
┗お客さまからの予約対応などフロント業務全般を担当します

■インチャージ業務
┗業務の分担に伴う人員の配置と、その進捗の管理
┗人材の育成（適切なフィードバックやサポート）
┗次の時間帯のインチャージへ業務の引継ぎ

※接遇時に得た誕生日や記念日などの情報を、各セクションへ共有することで
　レストラン利用時やベッドメイク時のサプライズをチームとして展開します。","【学歴不問】 
＜必須条件＞ 
ホテルや旅館でのサービス経験（規模や年数は不問） ※インチャージ経験のある方は優遇いた
します 
＜こんな方、歓迎します＞ 
・語学を活かして働きたい方 
・人を喜ばせることが好きな方 
・「質の高い接客」を身につけたい方 
・チームワークを大切にできる方 
・新ホテルを自分たちの手で創り上げてみたい方 
・好奇心が旺盛な方 
・少し「おせっかい」な方♪ 
＜語学力（特に英語力）について＞ 
海外からのお客さまのご宿泊が増加傾向にあります。そのため、語学力を活かしたい方にはご
活躍いただけるフィールドが広がっています。語学力がない方も英語に対して抵抗がなければ安
心してスタートできる環境です。","勤務体系：変動労働制
就業時間：月単位の変形労働時間制（シフト制）1ヶ月の所定労働時間：160～176時間）休憩時間: 60分","＜年間休日数＞
●108日　

＜休暇＞
■慶弔休暇
■有給休暇
┗入社半年後に10日付与（その後は毎年1月に付与）
■産前・産後・育児休暇
┗取得実績多数あり！ 復帰しやすい環境です
■育児短時間勤務制度
┗小学6年生まで利用可
■ハッピーダディ休暇（5日間）
■ウェルカムベビー休暇（5日間）
■介護休暇
■特別休暇","時間外：月20時間（2024年度実績）
時間外勤務手当あり",健康保険あり・厚生年金あり・雇用保険あり・労災保険あり,"社割あり、研修あり、 食事補助あり

◆社会保険完備
◆選択制確定拠出年金制度
◆従業員持株会制度
◆時間外勤務手当
◆深夜勤務手当
◆通勤交通費支給（上限5万円／月）
◆研修制度
（入社研修・フォローアップ研修・OJT研修・外部研修など）
◆制服貸与
◆定期健康診断
◆総合福祉団体定期保険
◆自社レストランの利用優待
◆カフェテリアプラン

【カフェテリアプランについて】
カフェテリアプランは、みなさんのライフスタイルに合わせて、会社が設定した福利厚生メニューの中から自由に対象を選ぶことができる選択型の福利厚生制度です。会社より支給される補助金をポイントに変換し、そのポイントを申請することで補助を受けることができます。

＜一部メニューを紹介＞
●調理師免許、ソムリエなど資格取得の受験費用にも使える！
●料理やワインなどの教材にも使える！
●講習・研修会費用（料理の講習会などにも奮って参加！）
●英語・フランス語の授業料もOK！
●医療費・育児・介護（ベビーシッターや塾の費用にも使える！）
●レジャー・カラオケ・映画はもちろんOK！",-,"【必須】 
日本語: N2レベル以上 
【歓迎】 
英語・中国語・韓国語などの語学力",,,,2026-03-31,新規開業に伴い、オープニングスタッフを募集！,-,"書類選考の上、面接（2回程度を予定）、適性検査を行います。

選考結果通知
面接から2週間以内",,,,,,中途のみ可,,,,,ヒューリックホテルマネジメント（株）
sewa-2025122936,qAO3GPnUDvzBKfJxkH6O,東急ステイ/技人国/フロント,Active,"昨今はインバウンドの需要がさらに加速しており、海外のお客様のご利用も増えております。
当社の今後のより大きな発展のためにも、日本らしさを持ちつつも、
グローバルな環境へと変化していくべきと考えています。
私たちは、皆さんの挑戦したい思いを精一杯応援します！
キャリアアップ・スキルアップ大歓迎！
ライフステージの変化があっても、安心して長く働いていただけます。
ぜひ私たちと一緒に、地域の魅力を全国に、そして世界に発信していきませんか？",正社員,期間の定めなし（試用期間：6カ月　※期間中の給与・待遇面に変更なし）,"東京都,神奈川県,千葉県,埼玉県,群馬県,栃木県,長野県,福井県,石川県,静岡県,岐阜県,京都府,兵庫県,和歌山県",,,"【ホテル業界や接客業のご経験がある方】
大学卒・大学院卒の方：月給24万1450円～月給38万6600円
その他の方：月給21万4000円～
【接客業が初めての方】
大学卒・大学院卒：月給22万9750円～月給34万6150円
その他の方：月給18万8200円～
＜ライフスタイルに合わせた選択制＞
あなたの理想のライフプランに合わせて選択できます。
①キャリアパスに広がりが生まれる【原籍地にとらわれない働き方】（転居を伴う異動有）
②転居を伴う異動のない【原籍地にとらわれる働き方】（通勤圏内での転勤の可能性あり）
※月給額は最終学歴やご経験によって決定させていただきます。
【その他給与にプラスしてもらえる手当・インセンティブ】
・早出残業手当※1分単位で支給
・深夜加給手当
・休日出勤手当
・通勤手当
・事業所手当
・資格手当
・職種手当
・業務手当
・夜勤手当
・中抜け手当
▼会社の規定に基づき支給
・賞与
年2回＋東急グループでの決算賞与有※所属する働き方により金額が異なる場合がございます。
・昇給
年1回","【お仕事内容】
■ご宿泊予約の受付・確認
■チェックイン・アウト対応
■各種お問い合せへの対応
■PCによる事務作業
■宿泊プラン作成
■客室の点検・管理　など
【1日のスケジュール例】
▼ 9：30　業務開始
▼10：00　チェックアウトの準備／片付け・忘れ物のチェック
▼11：00　休憩
　--------
▼12：00　ルームチェック・清掃確認
▼13：00　チェックインの準備
▼15：00　チェックイン開始
▼17：00　客室のチェック
▼18：30　業務引継ぎ
＼一流の接客スキルを学べます／
いきなりすべての業務をお任せすることはありません。入社後まずはOJTで、基礎となる所作・マナーを指導していきます。
着実に成長していけるよう、本部スタッフや先輩たちが丁寧にフォローしていくので、安心して飛び込んで来てください。","＜MUST＞
日本語レベルN2以上の方
英語が話せる方
＜下記の方を募集中です！＞
・接客の仕事に挑戦したい
・安定企業で長く、安心して活躍したい
・スキルアップが叶う環境で働きたい
・英語力を活かしたい方
接客の基礎から世界水準のスキルまで、着実にステップアップできる教育・研修制度をご用意していますので、
安心して長く働くことができます！
※ホテル業界の経験をお持ちの方、第二新卒の方や社会人経験10年目以上の方も歓迎","■9：30～翌11：00の間でのシフト勤務（実働8時間　休憩60分)
＜シフト例＞
・日勤①／9:30～18:30　実働8時間のシフト制勤務（休憩1時間)
・日勤②／13:00～22:00　実働8時間のシフト制勤務（休憩1時間)
・夜勤／17:00～翌11:00　実働14時間30分のシフト制勤務（休憩1時間30分）
※月により夜勤回数の前後あり
※平均残業時間20時間前後","【年間休日】
112日
【休日・休暇】
■シフト制／月8日～10日間程度の休日
慶弔休暇、有給休暇、産前・産後休暇、育児休暇
介護休暇、積立休暇、看護休暇、生理休暇、結婚休暇、ボランティア休暇、特別休暇、災害休暇　など",あり（月平均20時間前後ほど）,社会保険完備（雇用・労災・健康・厚生年金）,"・社会保険完備（雇用・労災・健康・厚生年金）
・東急共済組合（医療給付金、協定保養所補助）
　月3000円以上の医療費は翌々月に全額共済より支給があります。
・傷病手当
・自社運営施設の割引利用（ホテル・ゴルフ・スキー）
・持株会制度
・資格取得支援
・研修制度充実
・マイカー通勤可
※以下、組合加入1年以上の方が対象
・結婚祝金5万円
・出産祝金3万円
・子育て支援金2万円（子どもが3~5歳の誕生日を迎えた時に毎年支給されます）
・入学祝金3万円
・勤続祝金1万円
・銀婚祝金1万円
・保養所：190施設
【その他】
【積立休暇制度】
通常期限切れになると、失効してしまう有給休暇を弊社では積み立て休暇という名で最大90日間蓄積が可能！
家族のイベントやもしもの時にも安心してお休みいただけます！
この他にも様々な場面で福利厚生をご用意しております！",屋内禁煙,日本語レベルN2以上、英会話スキル,,,,2026-03-31,"昨今はインバウンドの需要がさらに加速しており、海外のお客様のご利用も増えております。

当社の今後のより大きな発展のためにも、日本らしさを持ちつつも、
グローバルな環境へと変化していくべきと考えています。

私たちは、皆さんの挑戦したい思いを精一杯応援します！
キャリアアップ・スキルアップ大歓迎！
ライフステージの変化があっても、安心して長く働いていただけます。

ぜひ私たちと一緒に、地域の魅力を全国に、そして世界に発信していきませんか？",35歳以下,"STEP1：書類選考
↓
STEP2：面接（1～2回）
↓
STEP3：内定
※状況により変動あり",,,,,,新卒可・中途可,,,,,東急リゾーツ＆ステイ株式会社
sewa-2025122937,pHh6CEzt38UayHZ4dPOU,サンフロンティア/技人国/ホテルフロント,Active,事業拡大により、インバウンド増加,正社員,無期限,"◆全国,▼北海道,・たびのホテル石狩,(※建設中,)2025年10月20日,▼福島県,・猪苗代,磐梯山麓温泉,静楓亭,▼茨城県,・たびのホテル鹿島,▼千葉県,・たびのホテル,EXpress成田,・日和ホテル舞浜,▼東京都,・スカイハートホテル京成小岩駅前,▼神奈川県,・スカイハートホテル川崎,▼新潟県,・HOTEL,AZUMA,・HOTEL,OOSADO,・たびのホテル佐渡・Live,佐渡,・ドンデン高原ロッジ自然リゾート佐渡,▼長野県,・たびのホテル,松本,・長野リンデンプラザホテル,▼岐阜県,・たびのホテル飛騨高山,▼愛知県,・スプリングサニーホテル名古屋常滑駅前,▼京都府,・四条河原町温泉空庭テラス京都,・四条河原町温泉空庭テラス京都,別邸,・日和ステイ京都鴨川,・STITCH,HOTEL,Kyoto,(新規オープン,),▼大阪府,・日和ホテル,大阪なんば駅前,・ジョイテルホテルなんば道頓堀,・ジョイテルホテル新世界堺筋通,・日和ホテル大阪住之江公園駅前,▼兵庫県,・神戸プラザホテル,・神戸プラザホテルウエスト,▼岡山県,・たびのホテル倉敷水島,▼山口県,・スカイハートホテル下関,▼福岡県,・スカイハートホテル博多,▼沖縄県,・HIYORIオーシャンリゾート沖縄,・オリエンタルヒルズ沖縄,・たびのホテルlit,宮古島・Villa,宮古島",,,"月給：220,000円～350,000円(総合職の場合10％上乗せの可能性） 
※経験・スキルによって決定／昇給あり 
 
想定年収：308~420万円 
賞与：業績による　※2024年実績2回（6月・12月） 
昇給：業績による　※2024年実績1回（4月）","【はじめに】 
私たちサンフロンティアホテルマネジメントは、「心温かい楽しいホテル」 をテーマに、唯一無二の
ホテルを創り上げているホテル運営のプロフェッショナル集団です。社是は「利他」 。自分のため
ではなく、お客様のために、そして共に働く仲間のために  全力で取り組む。そんな価値観を大切
にしています。 
 
現在、国内外で年間10棟以上のペースで新規ホテルを開業しており、事業は急拡大の真っ只
中。今回は、私たちの未来を共に創り、将来の支配人・副支配人となっていただく新たな仲間を、
数十人規模で募集します。 
 
【仕事内容】 
入社後は、当社が運営するホテル（「HIYORI HOTELS & RESORTS」 、「たびのホテル」  な
ど）にて、フロント、予約、レストラン、企画運営など、ホテル運営に関わる幅広い業務をお任せし
ます。 
 
私たちのサービスに、決まりきったマニュアルはありません 。お客様一人ひとりと真摯に向き合
い、「どうすればもっと喜んでいただけるか」を自ら考え、行動することが求められます。あなたの
アイデアとホスピタリティで、お客様にとって「世界にたったひとつのホテル」  を創り上げてくださ
い。 
 
【主な業務内容】 
・チェックイン/チェックアウト 
・お荷物のお預かり 
・観光案内 
・宿泊予約 
・オペレーター 
・その他付随するフロント業務","▼学歴・経験不問／職種・業界未経験者、第二新卒、2026年卒業予定の新卒者も歓迎します。 
▼国籍不問 
・N2以上 
・日常会話の英語レベル（あれば尚良し） 
◎ホテル業界に興味があり、積極的にチャレンジしたい方 
◎接客・サービスを通じて誰かの役に立ちたい方 
◎マルチタスクに抵抗のない方、変化を楽しめる方","実労８時間のシフト制（休憩1時間） 
※事業所による 
シフト制　0:00～24:00営業時間 
（所定労働時間8時間） 
休憩時間：60分 
時間外労働有無：有  
例    6:00～15:00 
14:00～23:00 
22:00～7:00","○年間休日：105日 
○有給休暇：入社半年後10日付与（最高20日） 
○慶弔休暇あり",残業代完全別途支給,各種社会保険完備（健康保険／厚生年金／雇用保険／労災保険）,"制服貸与
社会保険あり
残業手当
深夜手当
制服貸与 
社会保険あり 
残業手当 
深夜手当 
交通費規定支給（月額支給上限 40,000円） 
ビザサポートあり（会社負担） 
渡航費負担（越境の場合） 
 
★試用期間：3ヶ月（条件は本採用と同一）",‐,N２以上,,,,2026-03-31,事業拡大により、インバウンド増加,35歳未満（長期キャリア形成の為）,応募　→　書類選考　→　1次面接　→　最終面接　→　内定,,,,,,新卒可・中途可,,,,,サンフロンティアホテルマネジメント株式会社
sewa-2025122938,7UEUwDmg8ZZzkrVNLA5S,ホテルフロント,Active,インバウンド増加の為,正社員,"【試用期間】試用期間あり
試用期間の長さ：3ヶ月
雇用形態、給与は本採用時と同じです。","こまくさホテル,長野県松本市安曇4293-2",,,"月給 250,000円 ～ 300,000円 （※想定年収 3,000,000円 ～ 3,600,000円）
※上記年収には含まれていませんが、決算賞与を含め賞与が年３回ございます。","・フロント業務（チェックイン・チェックアウト対応、電話応対）
・清掃、ベッドメイキング
・予約管理（PC操作あり）
・食事の配膳・補助
・館内案内やお客様対応
・備品管理や簡単な施設メンテナンス など
※ご経験や適性に応じて、徐々に業務をお任せしていきます。
※支配人登用後は、施設運営全体のマネジメント業務も含まれます。","N2以上
会話レベルの英語","シフト制
1日あたりの実働時間：最大8時間/日
下記シフト制にて勤務していただきます。
(1)8:00~17:00
(2)5:00~14:00
(3)14:00~23:00",週休2日制,‐,"◇ 雇用保険
◇ 労災保険
◇ 健康保険
◇ 厚生年金","◇ 交通費支給あり
◇ 寮・社宅・住宅手当あり
乗鞍スキー場シーズン券
趣味用品の購入補助(年間最大5万円)
寮完備(ホテル内の温泉利用可)
食事補助
社用車利用可
交通費支給(規定あり)
赴任旅費支給(規定あり)",‐,"N2以上
会話レベルの英語",,,,,インバウンド増加の為,‐,‐,,,,,,新卒可・中途可,,,,,株式会社VERS
sewa-2025122939,779eSaveTXZKujNnMWQY,ホテル 調理スタッフ ,Active,新規開業に伴うオープニングスタッフを募集！,正社員,試用期間：なし / 定年齢60歳/再雇用あり,"札幌：北海道札幌市中央区北三条西3丁目1-44ヒューリックスクエア札幌,2027年に全国社員かエリア社員を選んでいただきます。全国社員の場合,転勤が発生いたします。","THE GATE HOTEL 札幌 by HULIC
札幌：北海道札幌市中央区北三条西3丁目1-44ヒューリックスクエア札幌 
 
2027年に全国社員かエリア社員を選んでいただきます。全国社員の場合、転勤が発生いたしま
す。",,"月給：240,000円 〜 281,000円
固定残業：なし
賞与：年2回（夏、冬）※賞与は業績連動制となります。
【年収例】
●年収370万円（24歳）
●年収400万円（27歳）
※賞与を含んだ金額です。賞与は業績連動制となります。","【　キッチンのお仕事　】
洋食調理全般をお任せします。また地域の食材を活かした料理にもこだわっています。

具体的には、以下のような業務をお任せします。
できる業務からスタートし、少しずつ業務の幅を広げていってください。
■食材の調達と管理
■メニューの企画・開発
■調理
■プレート作り・盛り付け
■衛生管理
■スタッフの管理・指導
■料理提供のタイミング調整
■機器・器具の管理
■コスト管理
■ゲストのフィードバック管理

今後も開業予定が複数あり、若手から料理長を目指せるのも魅力。料理長に留まらず、総支配人 兼 総料理長に抜擢され、活躍している方もいます。


【　THE GATE HOTEL 札幌 by HULIC について　】
私たちが手掛けているホテルブランドの1つが「THE GATE HOTEL」です。マルチタスクメソッドという独自の教育プログラムの導入と、デザイン性が高く顧客体験に基づいた施設を展開することで、既存ホテルにおいて数々の名誉ある賞を受賞しています。

ザ・ゲートホテル札幌は「THE GATE HOTEL」ブランドが北海道エリア初進出となる重要なホテル。客室数は172室を予定、「都会」「生命力」「自然」をキーワードにしたデザインで、札幌の普遍的な魅力を表現しております。


【　安定した事業基盤　】
当社の母体となっているヒューリック株式会社。不動産業界において急成長を遂げている安定企業で、上場以来、営業利益・経常利益を更新し続けています。その全面的なバックＵＰのもと、経営に関しての心配を一切することなく業務に専念できる職場です。

また、長期に渡り安心して働ける体制が整備されているのも魅力の1つ。特に福利厚生については、各種休暇制度のほか、オリジナルのカフェテリアプランが充実しており、多くのスタッフが利用しています。","2年以上の調理経験
※業態や資格は不問です。
※ホテル業界の経験は不問です

＜必須条件＞
●スムーズに業務が行える日本語コミュニケーション能力
  *日本語能力試験（JLPT N2）以上を目安
●調理師として技能ビザ取得可能であること

＜こんな方、歓迎します＞
●洋食・西洋料理・イタリアン・フレンチなどの調理経験を活かしたい方
●チームワークを大切にできる方
●新しいホテルを自分たちの手で創り上げてみたい方
●いつか自分のお店を持ちたい！という方
●好奇心が旺盛な方 ビストロやトラットリア、リストランテといったテーブルレストランだけでなく、カフェや社員食堂などの多様な形態から、ホテル業界への転身を歓迎いたします。","勤務体系：変形労働制
就業時間：月単位の変形労働時間制（シフト制）1ヶ月の所定労働時間：160～176時）
休憩時間：60分","＜年間休日数＞
●108日　

＜休暇＞
■慶弔休暇
■有給休暇
┗入社半年後に10日付与（その後は毎年1月に付与）
■産前・産後・育児休暇
┗取得実績多数あり！ 復帰しやすい環境です
■育児短時間勤務制度
┗小学6年生まで利用可
■ハッピーダディ休暇（5日間）
■ウェルカムベビー休暇（5日間）
■介護休暇
■特別休暇",時間外：月20時間（2024年度実績）,健康保険あり・厚生年金あり・雇用保険あり・労災保険あり,"社割あり、研修あり、 食事補助あり

◆社会保険完備
◆選択制確定拠出年金制度
◆従業員持株会制度
◆時間外勤務手当
◆深夜勤務手当
◆通勤交通費支給（上限5万円／月）
◆研修制度
（入社研修・フォローアップ研修・OJT研修・外部研修など）
◆制服貸与
◆定期健康診断
◆総合福祉団体定期保険
◆自社レストランの利用優待
◆カフェテリアプラン

【カフェテリアプランについて】
カフェテリアプランは、みなさんのライフスタイルに合わせて、会社が設定した福利厚生メニューの中から自由に対象を選ぶことができる選択型の福利厚生制度です。会社より支給される補助金をポイントに変換し、そのポイントを申請することで補助を受けることができます。

＜一部メニューを紹介＞
●調理師免許、ソムリエなど資格取得の受験費用にも使える！
●料理やワインなどの教材にも使える！
●講習・研修会費用（料理の講習会などにも奮って参加！）
●英語・フランス語の授業料もOK！
●医療費・育児・介護（ベビーシッターや塾の費用にも使える！）
●レジャー・カラオケ・映画はもちろんOK！",-,"スムーズに業務が行える日本語コミュニケーション能力 
*日本語能力試験（JLPT N2）以上を目安",,,,,新規開業に伴うオープニングスタッフを募集！,-,"選考方法
書類選考の上、面接（2回程度を予定）、適性検査を行います。

選考結果通知
面接から2週間以内",,,,,,中途のみ可,,,,,ヒューリックホテルマネジメント（株）
sewa-2025122940,JfvRfEfHgrSLeC7rgHNu,京都プラザ/技人国/フロント,Active,ホテル フロント,正社員,期間の定めなし（試用期間3か月）,,,,"21万0000円～
※経験・能力を考慮の上、当社規定により決定

▼試用期間
試用期間中（3か月）は契約社員。
試用期間終了後、正社員としての雇用となります。

試用期間中の給与は下記のとおり。
19万8,000円～

・昇給あり
・賞与年3回
・通勤手当（月1万5,000円まで）
・残業手当
・満室手当
・年末年始手当（12月31日～1月2日に出勤いただく場合）","■フロント業務
チェックイン・チェックアウトや観光案内など、主にお客様応対の業務に従事していただきます。

具体的には、
・チェックイン、チェックアウトの接客
・宿泊サイトなどからの問い合わせや予約受付対応
・客室および館内の安全点検
・宿泊者、来館者のお客様対応
・周辺の観光案内
・朝食、夕食の準備、片付けなど

私たちはお客様に単なる休息の場を提供するのではなく、
『心と身体を癒してもらい』明日への活力を提供したいと考えています。
スタッフ一人一人の細やかなサービスや気配り、明るく朗らかな接客がなによりも大切なお仕事です。","<MUST>
日本語レベルN2以上の方

<下記の方、大歓迎！>
・ホテルスタッフ・関連業務の経験をお持ちの方
・販売サービス・接客系の経験をお持ちの方
・コミュニケーションを大切にできる方
・新しいことを積極的に吸収できる方
・お仕事を前向きに取り組める方","【シフト制】
日勤・夜勤2/実働7.5時間
夜勤1/実働14時間

下記いずれかの時間帯　※希望を考慮いたします。

<日勤1>　6：30～15：00
<日勤2>　10：00～18：00
<日勤3>　14：00～22：30

<夜勤1>　17：00～翌10：00（休憩計3時間）
※1か月単位の変形労働時間制（週平均40時間以内）
<夜勤2>　23：00～翌7：30

※休憩時間
日勤および夜勤2：60分
夜勤1：180分（仮眠場所あり）

※残業月平均5～10時間ほどと少なめです。","月7~9日(シフト制)
※休日数は希望に応じて7日～9日の間で選択可能です。
　月に2～3回ほどは、土曜日or日曜日の休みも取得可能です。

・有給休暇
・慶弔休暇
・産前、産後、育児休暇",あり（月平均5～10時間ほど）,健康保険・厚生年金・雇用保険・労災保険,"・各種社会保険完備
・制服貸与
・健康診断（年1回）
・慶弔見舞金あり（結婚など）
・社員割引（ホテル宿泊）
・勤務時間後のホテルの大浴場利用可能
・福利厚生倶楽部（リロクラブ）加入
・退職金制度あり（６年勤務者以上）",屋内禁煙,,,,,,"当社は関西エリアを中心に、
『プラザホテル』『ホテルアストンプラザ』『花鳥風月』の3つのブランドホテルを展開しております。

昨今では日本人ご利用者様だけでなく、外国人観光客の増加に伴い、
意思疎通のための言語力や海外ニーズへの対応力がより求められる時代となってきています。

新店舗もここ数年で続々と増え、今後より一層多種多様なお客様のニーズに応えていくべく、
日本のおもてなし精神とグローバル力を持つメンバーを募集中です。

これまでのご経験を活かして、私たちと一緒に活躍し、ともにホテルを作っていきませんか？",20代～30代活躍中,"STEP1：書類選考
↓
STEP2：面接（1～2回）
↓
STEP3：内定

※状況により変動あり",,,,,,,,,,,株式会社京都プラザホテルズ
sewa-2025122941,rsnxOqWEC4c5M1fgUXDj,眼鏡市場/技人国/販売,Active,"特に都市部では、外国人のお客様も多く、 
インバウンド対応をお任せいただける方を募集中です！ 
 
日本製の商品が海外からも高く評価を受けており、 
今後も海外のお客様からのニーズが高まる可能性がございます！ 
 
接客・販売業務未経験でも歓迎しております。 
ご応募をお待ちしております。 ",正社員,試用期間あり,大阪・京都,,,"■月給 20万2,482円以上
※経験・能力による

■年収イメージ
・月給19万7482円　※販売未経験者
(入社1年目/22歳/静岡県静岡市在住)

・月給21万1700円　※販売経験者
(入社3年目/32歳/大阪府大阪市内在住)

・月給24万9400円　※責任者
(入社5年目/31歳/埼玉県さいたま市内在住)

・月給32万4200円　※店長
(入社10年目/35歳/千葉県千葉市内在住）","視力検査やメガネなどの販売・接客スタッフ

お客様への接客を中心とした業務をお任せいたします。
具体的には…お客様への商品説明や提案、
メガネの受け渡しなどの購入までのサポート、また入社後の知識・技術の取得に応じて視力測定、レンズ加工・調整、商品の発注や在庫管理など。

様々な業務を経験できるので今後のキャリアにも役立ちます！","【必須要件】 
・日本語レベルN2以上 
・中国語がお話できる方 
・日本に在住されている方 
・社会人経験をされている方 
【歓迎要件】 
・接客、販売未経験者歓迎","■9:00～22:00内で実働8h 
※店舗によって営業時間は異なります。 
詳細は面接時にお問い合せください。 
・変形労働時間制 
・週平均実働40h／店舗により異なる 
・副業、Wワーク不可","・月8日～10日(シフト制)
※年間休日114日

・有給休暇
・慶弔休暇
・育児休暇
・産前産後休暇",時間外手当あり（全額支給）,健康保険・厚生年金・雇用保険・労災保険,"・特別報奨金（6月・12月）
・給与改定 年2回（4月・10月）
・交通費支給（上限月5万円）
・社会保険完備
・財形貯蓄制（雇用・労災・健康・厚生年金）
・時間外手当（全額支給）
・制服貸与
・マイカー通勤可／駐車場あり　※店舗により異なる
・慶弔金、見舞金制度

★嬉しい特典あり！！！

全国5000以上の各種施設を割安で利用可な、福利厚生施設の法人割引あり
※従業員本人だけでなくご家族も対象！プライベートでも存分に活用できますよ。

【対象施設】
ホテル・旅館、映画、コンサート、
スポーツ観戦、温泉スパ施設、エステ、
ネイルサロン、飲食店、フィットネスジム、
ガソリンスタンドなど全国に5000以上",社内禁煙,"日本語レベルN2以上 
中国語がお話しできる方",,,,,"特に都市部では、外国人のお客様も多く、
インバウンド対応をお任せいただける方を募集中です！

日本製の商品が海外からも高く評価を受けており、
今後も海外のお客様からのニーズが高まる可能性がございます！

接客・販売業務未経験でも歓迎しております。
ご応募をお待ちしております。","スタッフの年代は20代～30代が58％を占めており、男女問わず活躍中です。
スタッフのほとんどが未経験からのスタートとなっております！","①書類選考
↓
②来社面接(1回)
※最短3日後の面接実施が可能です。
↓
③合否連絡",,,,,,新卒可・中途可,,,,,株式会社メガネトップ
sewa-2025122942,El86RfWi1311Edjm7apY,共立メンテドーミーイン/技人国/フロント,Active,"・新棟開業による大規模募集
(採用人数：採用枠200名、新棟分",正社員,雇用期間の定め無し,"北海道エリア：札幌・小樽以外,東海エリア：名古屋以外（岐阜とか採用したい）,北陸エリア：新潟以外（福井,石川とか採用したい）","全国のドーミーイン
　　・グローバルコース：全国転勤あり （ホテルのある全エリアへ転勤の可能性があります。）
　　・エリアコース：各エリア内でのみ異動があります （エリアは会社説明会でご確認ください。）
コア勤務地
　　・北海道エリア：札幌・小樽以外
　　・東海エリア：名古屋以外（岐阜など）
　　・北陸エリア：新潟以外（福井、石川など）",,"【大卒】
グローバル: 231,000円(勤務区分給含む)
エリア : 201,000円

【短大・専門学校卒】
グローバル: 228,000円(勤務区分給含む)
エリア : 198,000円","【お仕事内容】
■ご宿泊予約の受付・確認
■チェックイン・アウト対応
■各種お問い合せへの対応
■PCによる事務作業
■宿泊プラン作成
■客室の点検・管理　など","・外国人留学生
☆ビザ区分
①特定活動46号   N1またはBJT480点以上を取得しており日本の大学（院）を卒業・修了／見込みの方
②技術・人文知識・国際業務      上記①の要件以外の方で、海外の大学を卒業又はN2 以上を取得し英語、中国語、韓国語での通訳翻訳業務が可能な方
※日本国内の学校を卒業する場合は、その学校を最終学歴として給与条件を決定する。","シフト制
(例:早番7:00~16:00 遅番13:00~22:00 ナイト22:00~7:00等 ホテルにより時間は異なる。)","週休2日制（シフト制）
4週8休

夏期・冬期休暇
年次有給休暇
特別休暇(出産・育児・介護)等","場合によりあり
(時間外手当支給)",健康保険・厚生年金・雇用保険・労災保険,"・昇給
年1回
・賞与
年2回(夏期・冬期) ※別途決算賞与あり
・福利厚生
従業員持株会、財形貯蓄制度、確定拠出年金、永年勤続感謝表彰、慶弔見舞金
・教育・研修
当社教育プログラムによる研修(新入社員研修、リーダー研修、語学研修など)、
㻻㻶㼀、国内大学院留学制度、資格取得支援制度、チャレンジキャリア制度「サブカツ」など
・その他
育児支援金、社員寮完備など",-,N2相当以上が望ましい,,,,,"・新棟開業による大規模募集
(採用人数:採用枠200名、新棟分)",新卒:若年層が好ましい　中途:問わない,"①会社説明会への参加またはマイページ内の掲載動画を視聴
②１次面接（オンライン）※１次面接までにエントリーシート入力
③SPI試験
④２次面接（対面）
⑤最終面接（対面）
※選考ステップは変更になる場合もございますので、ご了承ください。",,,,,,新卒可・中途可,,,,,株式会社共立メンテナンス